algorithm,config,seed,round,val_macro_f1,val_loss,manipulation_predicted_count,replay_predicted_count,manipulation_recall,replay_recall,elapsed_seconds,diverged,diverged_client_id,diverged_note
fedadam,"client_lr=0.003,server_lr=0.01",11,1,0.02591303005578273,0.12236349788321568,0,3062,0.0,0.0,35.62725877761841,False,,
fedadam,"client_lr=0.003,server_lr=0.01",11,2,0.06536145186569207,0.12190247187967865,0,0,0.0,0.0,68.11009097099304,False,,
fedadam,"client_lr=0.003,server_lr=0.01",11,3,0.06710680197219616,0.12129037549939022,0,0,0.0,0.0,95.36889886856079,False,,
fedadam,"client_lr=0.003,server_lr=0.01",11,4,0.08445664782150672,0.1206609809027612,0,0,0.0,0.0,123.2238359451294,False,,
fedadam,"client_lr=0.003,server_lr=0.01",11,5,0.1902854720514512,0.12040698165795984,0,0,0.0,0.0,154.93147706985474,False,,
fedadam,"client_lr=0.003,server_lr=0.01",11,6,0.18513139400325024,0.12105580056268027,0,0,0.0,0.0,177.06229996681213,False,,
fedadam,"client_lr=0.003,server_lr=0.01",11,7,0.1558719795816437,0.12324990270137068,0,0,0.0,0.0,198.7312457561493,False,,
fedadam,"client_lr=0.003,server_lr=0.01",11,8,0.15009760922303103,0.12744104722478714,0,0,0.0,0.0,219.78046488761902,False,,
fedadam,"client_lr=0.003,server_lr=0.01",11,9,0.17150506487750328,0.13339562341616373,0,0,0.0,0.0,241.16814804077148,False,,
fedadam,"client_lr=0.003,server_lr=0.01",11,10,0.20446091737678232,0.13993296792154233,0,0,0.0,0.0,262.5470407009125,False,,
fedadam,"client_lr=0.003,server_lr=0.01",11,11,0.2165343071269188,0.1452529226934533,0,0,0.0,0.0,283.89480781555176,False,,
fedadam,"client_lr=0.003,server_lr=0.01",11,12,0.22935784221829422,0.1478227329283476,0,0,0.0,0.0,305.4051547050476,False,,
fedadam,"client_lr=0.003,server_lr=0.01",11,13,0.23976295190061647,0.14697466902432094,0,0,0.0,0.0,327.01809883117676,False,,
fedadam,"client_lr=0.003,server_lr=0.01",11,14,0.2464947229977212,0.1430514370250823,0,0,0.0,0.0,348.56751585006714,False,,
fedadam,"client_lr=0.003,server_lr=0.01",11,15,0.2511289823605749,0.13691430491192838,0,0,0.0,0.0,370.8300030231476,False,,
fedadam,"client_lr=0.003,server_lr=0.01",11,16,0.2873344497454242,0.12952236415954113,0,0,0.0,0.0,392.47422909736633,False,,
fedadam,"client_lr=0.003,server_lr=0.01",11,17,0.33252776820224816,0.1211047850510652,0,0,0.0,0.0,414.04777789115906,False,,
fedadam,"client_lr=0.003,server_lr=0.01",11,18,0.34472211566045297,0.11152650423054328,0,0,0.0,0.0,435.53483295440674,False,,
fedadam,"client_lr=0.003,server_lr=0.01",11,19,0.34810960953161385,0.10082539277605027,0,0,0.0,0.0,457.24354577064514,False,,
fedadam,"client_lr=0.003,server_lr=0.01",11,20,0.34787373552853285,0.09043982780924485,0,0,0.0,0.0,478.7218418121338,False,,
fedadam,"client_lr=0.003,server_lr=0.01",11,21,0.3776958394265746,0.08230570484416802,0,1255,0.0,0.40921658986175113,500.3456678390503,False,,
fedadam,"client_lr=0.003,server_lr=0.01",11,22,0.37017680518694357,0.07684997531934966,0,2646,0.0,0.8949308755760369,522.1103889942169,False,,
fedadam,"client_lr=0.003,server_lr=0.01",11,23,0.36739714489771974,0.07293147894892199,0,2796,0.0,0.9216589861751152,543.6757667064667,False,,
fedadam,"client_lr=0.003,server_lr=0.01",11,24,0.3686298775272782,0.06945857676372184,0,2761,0.0,0.9225806451612903,565.1059648990631,False,,
fedadam,"client_lr=0.003,server_lr=0.01",11,25,0.3676059025740568,0.06666593600835774,0,2567,0.0,0.9013824884792627,586.8598239421844,False,,
fedadam,"client_lr=0.003,server_lr=0.01",11,26,0.3588804624970501,0.06528376578782732,0,2234,0.0,0.7972350230414746,608.8422019481659,False,,
fedadam,"client_lr=0.003,server_lr=0.01",11,27,0.36187500892095864,0.065699411350493,0,232,0.0,0.09400921658986175,630.4779767990112,False,,
fedadam,"client_lr=0.003,server_lr=0.01",11,28,0.3475048816198428,0.06781262105184818,0,0,0.0,0.0,652.1850409507751,False,,
fedadam,"client_lr=0.003,server_lr=0.01",11,29,0.3387395400622947,0.07096305605436563,0,0,0.0,0.0,674.0965807437897,False,,
fedadam,"client_lr=0.003,server_lr=0.01",11,30,0.3397882569133381,0.07433896701330021,0,0,0.0,0.0,695.6828670501709,False,,
fedadam,"client_lr=0.003,server_lr=0.01",11,31,0.3406749883482919,0.07726138815317121,0,0,0.0,0.0,717.2745928764343,False,,
fedadam,"client_lr=0.003,server_lr=0.01",11,32,0.33243595499638257,0.07907326570577211,0,0,0.0,0.0,738.8586037158966,False,,
fedadam,"client_lr=0.003,server_lr=0.01",11,33,0.340492784014302,0.07951198448953846,0,0,0.0,0.0,760.3404397964478,False,,
fedadam,"client_lr=0.003,server_lr=0.01",11,34,0.34722519348561154,0.07850401438893287,0,0,0.0,0.0,782.2177979946136,False,,
fedadam,"client_lr=0.003,server_lr=0.01",11,35,0.3532919212230903,0.07626080283065885,0,0,0.0,0.0,804.3505759239197,False,,
fedadam,"client_lr=0.003,server_lr=0.01",11,36,0.35571481498517116,0.07316511280962176,0,0,0.0,0.0,825.9001748561859,False,,
fedadam,"client_lr=0.003,server_lr=0.01",11,37,0.36723581972545016,0.06967195028678995,0,0,0.0,0.0,847.5486779212952,False,,
fedadam,"client_lr=0.003,server_lr=0.01",11,38,0.378743382583527,0.06649063267573854,0,0,0.0,0.0,869.1946079730988,False,,
fedadam,"client_lr=0.003,server_lr=0.01",11,39,0.39713226941202673,0.06409183537574757,0,77,0.0,0.06820276497695853,890.9922440052032,False,,
fedadam,"client_lr=0.003,server_lr=0.01",11,40,0.43420713414558326,0.06265937740879886,0,621,0.0,0.328110599078341,912.5922429561615,False,,
fedadam,"client_lr=0.003,server_lr=0.01",11,41,0.4436063681304703,0.06201524204997351,0,964,0.0,0.4488479262672811,934.1866629123688,False,,
fedadam,"client_lr=0.003,server_lr=0.01",11,42,0.4369179010942897,0.06174452066115522,0,1083,0.0,0.48663594470046084,956.6652498245239,False,,
fedadam,"client_lr=0.003,server_lr=0.01",11,43,0.41726140260570993,0.061560725860997055,0,957,0.0,0.4525345622119816,978.4339318275452,False,,
fedadam,"client_lr=0.003,server_lr=0.01",11,44,0.40746971594547454,0.06117142420481341,0,718,0.0,0.3705069124423963,1000.0371568202972,False,,
fedadam,"client_lr=0.003,server_lr=0.01",11,45,0.3966623322634979,0.06058173417439318,0,425,0.0,0.2608294930875576,1021.9192810058594,False,,
fedadam,"client_lr=0.001,server_lr=0.03",11,1,0.025938420215148746,0.1224277173451359,0,1502,0.0,0.0,22.169422149658203,False,,
fedadam,"client_lr=0.001,server_lr=0.03",11,2,0.0577769597211574,0.12212597641657803,0,0,0.0,0.0,44.10071301460266,False,,
fedadam,"client_lr=0.001,server_lr=0.03",11,3,0.046324722937686816,0.12182441597944729,0,0,0.0,0.0,65.91649603843689,False,,
fedadam,"client_lr=0.001,server_lr=0.03",11,4,0.045879925264706495,0.12172315618710887,0,0,0.0,0.0,87.55817699432373,False,,
fedadam,"client_lr=0.001,server_lr=0.03",11,5,0.08919821297481066,0.12211880323017062,0,0,0.0,0.0,109.38661909103394,False,,
fedadam,"client_lr=0.001,server_lr=0.03",11,6,0.07035486282035203,0.12339170599228859,0,0,0.0,0.0,131.15772700309753,False,,
fedadam,"client_lr=0.001,server_lr=0.03",11,7,0.0689841279905159,0.12575639258766189,0,0,0.0,0.0,153.00865721702576,False,,
fedadam,"client_lr=0.001,server_lr=0.03",11,8,0.06812418397267522,0.12900961910430608,0,0,0.0,0.0,175.06871604919434,False,,
fedadam,"client_lr=0.001,server_lr=0.03",11,9,0.06995181343913238,0.13290233774342802,0,0,0.0,0.0,196.81648898124695,False,,
fedadam,"client_lr=0.001,server_lr=0.03",11,10,0.08389263303644519,0.13674464109087403,0,0,0.0,0.0,218.47504997253418,False,,
fedadam,"client_lr=0.001,server_lr=0.03",11,11,0.09284123536147224,0.1399303700537577,0,0,0.0,0.0,240.22042608261108,False,,
fedadam,"client_lr=0.001,server_lr=0.03",11,12,0.20705303962985028,0.14117167679584153,0,0,0.0,0.0,262.50030422210693,False,,
fedadam,"client_lr=0.001,server_lr=0.03",11,13,0.22668886360826532,0.13949956239846795,0,0,0.0,0.0,284.53908109664917,False,,
fedadam,"client_lr=0.001,server_lr=0.03",11,14,0.24109874206076012,0.1350223329818111,0,0,0.0,0.0,306.3127431869507,False,,
fedadam,"client_lr=0.001,server_lr=0.03",11,15,0.2521314277498657,0.1290022395005898,0,0,0.0,0.0,327.9626610279083,False,,
fedadam,"client_lr=0.001,server_lr=0.03",11,16,0.28165274307176413,0.1224087664232043,0,0,0.0,0.0,349.70445799827576,False,,
fedadam,"client_lr=0.001,server_lr=0.03",11,17,0.32737864362105545,0.1148130882428124,0,0,0.0,0.0,371.6101140975952,False,,
fedadam,"client_lr=0.001,server_lr=0.03",11,18,0.33743370746417567,0.10608139631791239,0,0,0.0,0.0,393.24685406684875,False,,
fedadam,"client_lr=0.001,server_lr=0.03",11,19,0.33170757488160185,0.09725990962919602,0,0,0.0,0.0,414.98587799072266,False,,
fedadam,"client_lr=0.001,server_lr=0.03",11,20,0.32859156421108887,0.08961097127923918,0,0,0.0,0.0,436.70606899261475,False,,
fedadam,"client_lr=0.001,server_lr=0.03",11,21,0.32066065825753165,0.08362705153544323,0,0,0.0,0.0,458.6635010242462,False,,
fedadam,"client_lr=0.001,server_lr=0.03",11,22,0.3367601348567231,0.07914160430032491,0,387,0.0,0.1327188940092166,480.49144220352173,False,,
fedadam,"client_lr=0.001,server_lr=0.03",11,23,0.3589984913328626,0.07558550356141222,0,1719,0.0,0.6433179723502304,502.3037350177765,False,,
fedadam,"client_lr=0.001,server_lr=0.03",11,24,0.39593591468234585,0.07261605364447976,0,1898,0.0,0.7981566820276498,524.5162119865417,False,,
fedadam,"client_lr=0.001,server_lr=0.03",11,25,0.42088863172155594,0.07074940677925745,0,1138,0.0,0.5788018433179724,546.5353891849518,False,,
fedadam,"client_lr=0.001,server_lr=0.03",11,26,0.33818411601535536,0.07040216134898943,0,0,0.0,0.0,568.5526990890503,False,,
fedadam,"client_lr=0.001,server_lr=0.03",11,27,0.331111152303055,0.0707832578886996,0,0,0.0,0.0,590.2453119754791,False,,
fedadam,"client_lr=0.001,server_lr=0.03",11,28,0.334742124081868,0.07069583620559536,0,0,0.0,0.0,612.3509781360626,False,,
fedadam,"client_lr=0.001,server_lr=0.03",11,29,0.34779276298667194,0.06993622886557065,0,0,0.0,0.0,634.2162191867828,False,,
fedadam,"client_lr=0.001,server_lr=0.03",11,30,0.3568265599147899,0.06883982411746449,0,0,0.0,0.0,656.2537100315094,False,,
fedadam,"client_lr=0.001,server_lr=0.03",11,31,0.3631073382279773,0.06788464778041699,0,0,0.0,0.0,678.1811189651489,False,,
fedadam,"client_lr=0.001,server_lr=0.03",11,32,0.373007848466248,0.0671873538585685,0,0,0.0,0.0,699.9835362434387,False,,
fedadam,"client_lr=0.001,server_lr=0.03",11,33,0.38203586622513575,0.0664499239811508,0,0,0.0,0.0,721.7190022468567,False,,
fedadam,"client_lr=0.001,server_lr=0.03",11,34,0.3831281513002464,0.06559292113700835,0,0,0.0,0.0,743.6434750556946,False,,
fedadam,"client_lr=0.001,server_lr=0.03",11,35,0.38116609576340627,0.06494875444798473,0,0,0.0,0.0,765.453085899353,False,,
fedadam,"client_lr=0.001,server_lr=0.03",11,36,0.37939358220389635,0.06438356455381826,0,0,0.0,0.0,787.85697722435,False,,
fedadam,"client_lr=0.001,server_lr=0.03",11,37,0.3664475264963156,0.06308807450268941,0,0,0.0,0.0,809.9118971824646,False,,
fedadam,"client_lr=0.001,server_lr=0.03",11,38,0.37519906962343225,0.06100619791452107,0,13,0.0,0.0064516129032258064,831.7869470119476,False,,
fedadam,"client_lr=0.001,server_lr=0.03",11,39,0.4164867934135488,0.058751533336290324,0,483,0.0,0.2654377880184332,852.770455121994,False,,
fedadam,"client_lr=0.001,server_lr=0.03",11,40,0.4332518781989904,0.057110464482342915,0,1154,0.0,0.504147465437788,872.1172490119934,False,,
fedadam,"client_lr=0.001,server_lr=0.03",11,41,0.4343850128628779,0.05614670577712858,0,1571,0.0,0.6294930875576037,889.310405254364,False,,
fedadam,"client_lr=0.001,server_lr=0.03",11,42,0.43675077889767494,0.055604789513964054,0,1555,0.0,0.6350230414746544,910.3433861732483,False,,
fedadam,"client_lr=0.001,server_lr=0.03",11,43,0.44639589280910186,0.05565788193571213,0,1255,0.0,0.543778801843318,927.405091047287,False,,
fedadam,"client_lr=0.001,server_lr=0.03",11,44,0.44208008118907316,0.056329158817655635,0,764,0.0,0.4046082949308756,944.4556081295013,False,,
fedadam,"client_lr=0.001,server_lr=0.03",11,45,0.41888390473331855,0.05707482744466197,0,410,0.0,0.2626728110599078,964.9559659957886,False,,
