seed,round,class,client_id,role,fedavg_weight,update_norm,weighted_contribution_norm,cosine_update_vs_aggregate
11,1,Manipulation,0,non_holder,0.17920750543457536,0.33761125802993774,0.060502469539642334,0.9445189833641052
11,1,Manipulation,1,non_holder,0.033765990953071506,0.13068272173404694,0.004412631504237652,0.9581728577613831
11,1,Manipulation,2,holder,0.027715636601085895,0.09638915210962296,0.00267148669809103,-0.4970797598361969
11,1,Manipulation,3,non_holder,0.08175443067881731,0.2582731246948242,0.021114971488714218,0.9752370119094849
11,1,Manipulation,4,non_holder,0.06399450821860342,0.2425829917192459,0.015523979440331459,0.9618250131607056
11,1,Manipulation,5,non_holder,0.052472836425095884,0.2066415548324585,0.010843068361282349,0.9468851089477539
11,1,Manipulation,6,non_holder,0.2406300665729666,0.4556093215942383,0.10963329672813416,0.9712619781494141
11,1,Manipulation,7,non_holder,0.026203164285561475,0.10449927300214767,0.0027382117696106434,0.9549204707145691
11,1,Manipulation,8,non_holder,0.09916879135230468,0.3114830553531647,0.030889401212334633,0.9536808133125305
11,1,Manipulation,9,non_holder,0.024786500486949116,0.10403245687484741,0.0025786005426198244,0.9701520800590515
11,1,Manipulation,10,non_holder,0.035486358448497346,0.13759136199951172,0.0048826164565980434,0.9557742476463318
11,1,Manipulation,11,non_holder,0.03317718715496144,0.1267712563276291,0.004205913748592138,0.9506542682647705
11,1,Manipulation,12,non_holder,0.01581073073993011,0.06916077435016632,0.0010934823658317327,0.9634547829627991
11,1,Manipulation,13,holder,0.039270329776635936,0.1373928040266037,0.005395460408180952,-0.6498124599456787
11,1,Manipulation,14,non_holder,0.04655596287094407,0.181356281042099,0.008443215861916542,0.9605557322502136
11,1,Replay,0,non_holder,0.17920750543457536,0.3481173515319824,0.06238523870706558,0.9460201859474182
11,1,Replay,1,holder,0.033765990953071506,0.11305484920740128,0.003817408811300993,-0.6957574486732483
11,1,Replay,2,non_holder,0.027715636601085895,0.11464285105466843,0.003177399281412363,0.9445504546165466
11,1,Replay,3,non_holder,0.08175443067881731,0.26830512285232544,0.021935133263468742,0.9703611731529236
11,1,Replay,4,holder,0.06399450821860342,0.18966259062290192,0.012137363664805889,-0.3646996319293976
11,1,Replay,5,non_holder,0.052472836425095884,0.20666547119617462,0.01084432378411293,0.9379987716674805
11,1,Replay,6,non_holder,0.2406300665729666,0.44928473234176636,0.1081114113330841,0.9722207188606262
11,1,Replay,7,non_holder,0.026203164285561475,0.10426223278045654,0.002732000546529889,0.9452862739562988
11,1,Replay,8,non_holder,0.09916879135230468,0.3169156014919281,0.03142813593149185,0.9544788002967834
11,1,Replay,9,non_holder,0.024786500486949116,0.10531838983297348,0.002610474359244108,0.9620018005371094
11,1,Replay,10,holder,0.035486358448497346,0.12982532382011414,0.004607027862221003,-0.7327516078948975
11,1,Replay,11,non_holder,0.03317718715496144,0.12627024948596954,0.004189291503280401,0.9448527693748474
11,1,Replay,12,non_holder,0.01581073073993011,0.06933046877384186,0.0010961652733385563,0.9550169110298157
11,1,Replay,13,non_holder,0.039270329776635936,0.1524636149406433,0.005987296346575022,0.9406644701957703
11,1,Replay,14,non_holder,0.04655596287094407,0.1823107749223709,0.008487652987241745,0.9539526104927063
11,5,Manipulation,0,non_holder,0.17920750543457536,0.23636043071746826,0.042357563972473145,0.9434629678726196
11,5,Manipulation,1,non_holder,0.033765990953071506,0.13564017415046692,0.004580024629831314,0.9659938216209412
11,5,Manipulation,2,holder,0.027715636601085895,0.10626208782196045,0.002945121144875884,-0.8416445851325989
11,5,Manipulation,3,non_holder,0.08175443067881731,0.15840157866477966,0.012950031086802483,0.9630272388458252
11,5,Manipulation,4,non_holder,0.06399450821860342,0.2238532453775406,0.014325377531349659,0.9637875556945801
11,5,Manipulation,5,non_holder,0.052472836425095884,0.15957719087600708,0.008373468182981014,0.9862643480300903
11,5,Manipulation,6,non_holder,0.2406300665729666,0.38032758235931396,0.09151825308799744,0.9858729839324951
11,5,Manipulation,7,non_holder,0.026203164285561475,0.0961771234869957,0.0025201451499015093,0.9857167601585388
11,5,Manipulation,8,non_holder,0.09916879135230468,0.1361440122127533,0.013501238077878952,0.96164870262146
11,5,Manipulation,9,non_holder,0.024786500486949116,0.08026476949453354,0.00198948266915977,0.9812160730361938
11,5,Manipulation,10,non_holder,0.035486358448497346,0.1464502066373825,0.005196984391659498,0.9632405042648315
11,5,Manipulation,11,non_holder,0.03317718715496144,0.10127252340316772,0.0033599375747144222,0.9677104353904724
11,5,Manipulation,12,non_holder,0.01581073073993011,0.06730625778436661,0.0010641611879691482,0.9839242100715637
11,5,Manipulation,13,holder,0.039270329776635936,0.1348945051431656,0.005297352094203234,-0.8947156071662903
11,5,Manipulation,14,non_holder,0.04655596287094407,0.11895109713077545,0.005537882912904024,0.9713053703308105
11,5,Replay,0,non_holder,0.17920750543457536,0.2293223738670349,0.041096288710832596,0.9564018249511719
11,5,Replay,1,holder,0.033765990953071506,0.11855065077543259,0.0040029799565672874,-0.8675161600112915
11,5,Replay,2,non_holder,0.027715636601085895,0.11900223791599274,0.003298222552984953,0.9572660326957703
11,5,Replay,3,non_holder,0.08175443067881731,0.1624927818775177,0.013284504413604736,0.952910304069519
11,5,Replay,4,holder,0.06399450821860342,0.1737516224384308,0.011119148693978786,-0.6307551860809326
11,5,Replay,5,non_holder,0.052472836425095884,0.15561583638191223,0.008165604434907436,0.9755754470825195
11,5,Replay,6,non_holder,0.2406300665729666,0.3683910071849823,0.08864594995975494,0.9835378527641296
11,5,Replay,7,non_holder,0.026203164285561475,0.09333501011133194,0.0024456726387143135,0.9735410213470459
11,5,Replay,8,non_holder,0.09916879135230468,0.13996608555316925,0.013880266807973385,0.9552857875823975
11,5,Replay,9,non_holder,0.024786500486949116,0.08124687522649765,0.0020138255786150694,0.9676980972290039
11,5,Replay,10,holder,0.035486358448497346,0.12471504509449005,0.004425683058798313,-0.82743239402771
11,5,Replay,11,non_holder,0.03317718715496144,0.10072223097085953,0.003341680159792304,0.9551127552986145
11,5,Replay,12,non_holder,0.01581073073993011,0.06722985953092575,0.00106295314617455,0.9697470664978027
11,5,Replay,13,non_holder,0.039270329776635936,0.1597868800163269,0.006274883169680834,0.9548619389533997
11,5,Replay,14,non_holder,0.04655596287094407,0.1204531267285347,0.005607811734080315,0.9607738256454468
11,10,Manipulation,0,non_holder,0.17920750543457536,0.2911983132362366,0.05218492075800896,0.9316112995147705
11,10,Manipulation,1,non_holder,0.033765990953071506,0.13057120144367218,0.0044088661670684814,0.9343741536140442
11,10,Manipulation,2,holder,0.027715636601085895,0.10407841205596924,0.0028845996130257845,-0.8972702622413635
11,10,Manipulation,3,non_holder,0.08175443067881731,0.12229642271995544,0.009998274967074394,0.9559115767478943
11,10,Manipulation,4,non_holder,0.06399450821860342,0.21359072625637054,0.013668632134795189,0.9490464329719543
11,10,Manipulation,5,non_holder,0.052472836425095884,0.1504269540309906,0.007893328554928303,0.9841612577438354
11,10,Manipulation,6,non_holder,0.2406300665729666,0.36199653148651123,0.08710724860429764,0.9777107834815979
11,10,Manipulation,7,non_holder,0.026203164285561475,0.08544336259365082,0.0022388866636902094,0.965256929397583
11,10,Manipulation,8,non_holder,0.09916879135230468,0.15007635951042175,0.014882892370223999,0.9365169405937195
11,10,Manipulation,9,non_holder,0.024786500486949116,0.08434400707483292,0.0020905928686261177,0.9562042951583862
11,10,Manipulation,10,non_holder,0.035486358448497346,0.14586038887500763,0.00517605384811759,0.9392726421356201
11,10,Manipulation,11,non_holder,0.03317718715496144,0.09070387482643127,0.0030092992819845676,0.946691632270813
11,10,Manipulation,12,non_holder,0.01581073073993011,0.06534835696220398,0.001033205189742148,0.9622780680656433
11,10,Manipulation,13,holder,0.039270329776635936,0.1267234981060028,0.004976473283022642,-0.9107363224029541
11,10,Manipulation,14,non_holder,0.04655596287094407,0.10343229025602341,0.004815389867872,0.9381470680236816
11,10,Replay,0,non_holder,0.17920750543457536,0.2602970600128174,0.04664718732237816,0.9399573802947998
11,10,Replay,1,holder,0.033765990953071506,0.11371692270040512,0.003839764278382063,-0.816770613193512
11,10,Replay,2,non_holder,0.027715636601085895,0.11800217628479004,0.003270505229011178,0.9266038537025452
11,10,Replay,3,non_holder,0.08175443067881731,0.12658217549324036,0.010348653420805931,0.9495402574539185
11,10,Replay,4,holder,0.06399450821860342,0.16336482763290405,0.010454450733959675,-0.6390020847320557
11,10,Replay,5,non_holder,0.052472836425095884,0.1434132605791092,0.007525300607085228,0.9684054255485535
11,10,Replay,6,non_holder,0.2406300665729666,0.2948317229747772,0.0709453746676445,0.9688428640365601
11,10,Replay,7,non_holder,0.026203164285561475,0.08617883920669556,0.002258158288896084,0.9367585182189941
11,10,Replay,8,non_holder,0.09916879135230468,0.15215279161930084,0.015088808722794056,0.9182775020599365
11,10,Replay,9,non_holder,0.024786500486949116,0.08686165511608124,0.0021529963705688715,0.9310119152069092
11,10,Replay,10,holder,0.035486358448497346,0.11387552320957184,0.004041027743369341,-0.7269572019577026
11,10,Replay,11,non_holder,0.03317718715496144,0.09378352016210556,0.00311147328466177,0.9225854277610779
11,10,Replay,12,non_holder,0.01581073073993011,0.06496261805295944,0.0010271065402776003,0.9392804503440857
11,10,Replay,13,non_holder,0.039270329776635936,0.15403813123703003,0.006049128249287605,0.9086914658546448
11,10,Replay,14,non_holder,0.04655596287094407,0.10936746746301651,0.0050917076878249645,0.9035215973854065
11,20,Manipulation,0,non_holder,0.17920750543457536,0.21659278869628906,0.038815055042505264,0.9533965587615967
11,20,Manipulation,1,non_holder,0.033765990953071506,0.11430221050977707,0.003859527176246047,0.9486448764801025
11,20,Manipulation,2,holder,0.027715636601085895,0.09354371577501297,0.0025926234666258097,-0.932222843170166
11,20,Manipulation,3,non_holder,0.08175443067881731,0.090166375041008,0.007371500600129366,0.9615514278411865
11,20,Manipulation,4,non_holder,0.06399450821860342,0.19792991876602173,0.012666427530348301,0.9601949453353882
11,20,Manipulation,5,non_holder,0.052472836425095884,0.13166478276252747,0.006908825132995844,0.9827615022659302
11,20,Manipulation,6,non_holder,0.2406300665729666,0.27428725361824036,0.066001757979393,0.9846319556236267
11,20,Manipulation,7,non_holder,0.026203164285561475,0.07499443739652634,0.0019650915637612343,0.9651290774345398
11,20,Manipulation,8,non_holder,0.09916879135230468,0.09160098433494568,0.009083959273993969,0.9041467308998108
11,20,Manipulation,9,non_holder,0.024786500486949116,0.05838219076395035,0.0014470902970060706,0.962127685546875
11,20,Manipulation,10,non_holder,0.035486358448497346,0.1397785097360611,0.004960230551660061,0.9671194553375244
11,20,Manipulation,11,non_holder,0.03317718715496144,0.06364890933036804,0.0021116917487233877,0.9401015639305115
11,20,Manipulation,12,non_holder,0.01581073073993011,0.05776236578822136,0.0009132651030085981,0.9671693444252014
11,20,Manipulation,13,holder,0.039270329776635936,0.11388754099607468,0.004472400993108749,-0.947090208530426
11,20,Manipulation,14,non_holder,0.04655596287094407,0.06916714459657669,0.0032201430294662714,0.9528733491897583
11,20,Replay,0,non_holder,0.17920750543457536,0.24340802431106567,0.04362054541707039,0.9205738306045532
11,20,Replay,1,holder,0.033765990953071506,0.10337455570697784,0.0034905443899333477,-0.8664906620979309
11,20,Replay,2,non_holder,0.027715636601085895,0.1125408262014389,0.003119140863418579,0.9482747912406921
11,20,Replay,3,non_holder,0.08175443067881731,0.10236766934394836,0.00836900994181633,0.9463594555854797
11,20,Replay,4,holder,0.06399450821860342,0.15897247195243835,0.010173364542424679,-0.6489828824996948
11,20,Replay,5,non_holder,0.052472836425095884,0.13110412657260895,0.006879405118525028,0.9646508693695068
11,20,Replay,6,non_holder,0.2406300665729666,0.3046150803565979,0.07329954206943512,0.962221086025238
11,20,Replay,7,non_holder,0.026203164285561475,0.08099187910556793,0.002122243633493781,0.9503893852233887
11,20,Replay,8,non_holder,0.09916879135230468,0.13246862590312958,0.013136753812432289,0.9257760643959045
11,20,Replay,9,non_holder,0.024786500486949116,0.07442855834960938,0.0018448233604431152,0.9512653946876526
11,20,Replay,10,holder,0.035486358448497346,0.10582874715328217,0.003755477024242282,-0.7502024173736572
11,20,Replay,11,non_holder,0.03317718715496144,0.08346867561340332,0.002769255777820945,0.943060576915741
11,20,Replay,12,non_holder,0.01581073073993011,0.06126909703016281,0.000968709122389555,0.949676513671875
11,20,Replay,13,non_holder,0.039270329776635936,0.14117421209812164,0.005543957930058241,0.9256106019020081
11,20,Replay,14,non_holder,0.04655596287094407,0.08945201337337494,0.004164524842053652,0.9463303685188293
11,30,Manipulation,0,non_holder,0.17920750543457536,0.1861046999692917,0.0333513580262661,0.9135881662368774
11,30,Manipulation,1,non_holder,0.033765990953071506,0.10086378455162048,0.0034057656303048134,0.9236542582511902
11,30,Manipulation,2,holder,0.027715636601085895,0.08801504969596863,0.0024393931962549686,-0.8536882400512695
11,30,Manipulation,3,non_holder,0.08175443067881731,0.06805984675884247,0.005564194172620773,0.9446715116500854
11,30,Manipulation,4,non_holder,0.06399450821860342,0.17619138956069946,0.011275280267000198,0.9390377998352051
11,30,Manipulation,5,non_holder,0.052472836425095884,0.11289531737565994,0.005923937540501356,0.9624549746513367
11,30,Manipulation,6,non_holder,0.2406300665729666,0.2997235953807831,0.07212250679731369,0.9816598892211914
11,30,Manipulation,7,non_holder,0.026203164285561475,0.07297952473163605,0.0019122944213449955,0.9631560444831848
11,30,Manipulation,8,non_holder,0.09916879135230468,0.03600548580288887,0.003570620669052005,0.8934920430183411
11,30,Manipulation,9,non_holder,0.024786500486949116,0.049246128648519516,0.0012206390965729952,0.9006579518318176
11,30,Manipulation,10,non_holder,0.035486358448497346,0.12762999534606934,0.00452912412583828,0.9646584987640381
11,30,Manipulation,11,non_holder,0.03317718715496144,0.04136565700173378,0.0013723960146307945,0.9029064774513245
11,30,Manipulation,12,non_holder,0.01581073073993011,0.053933992981910706,0.0008527357131242752,0.9722846150398254
11,30,Manipulation,13,holder,0.039270329776635936,0.10848596692085266,0.004260279703885317,-0.9320278167724609
11,30,Manipulation,14,non_holder,0.04655596287094407,0.06426510959863663,0.002991924062371254,0.964390754699707
11,30,Replay,0,non_holder,0.17920750543457536,0.23076578974723816,0.041354961693286896,0.9316508173942566
11,30,Replay,1,holder,0.033765990953071506,0.09290652722120285,0.003137080930173397,-0.8279745578765869
11,30,Replay,2,non_holder,0.027715636601085895,0.10641508549451828,0.002949361689388752,0.9571160674095154
11,30,Replay,3,non_holder,0.08175443067881731,0.07628855109214783,0.006236927583813667,0.949932873249054
11,30,Replay,4,holder,0.06399450821860342,0.1354360282421112,0.00866716168820858,-0.6656188368797302
11,30,Replay,5,non_holder,0.052472836425095884,0.12404447793960571,0.006508965976536274,0.9436628818511963
11,30,Replay,6,non_holder,0.2406300665729666,0.32151204347610474,0.0773654654622078,0.9788520932197571
11,30,Replay,7,non_holder,0.026203164285561475,0.08177350461483002,0.0021427245810627937,0.9581298828125
11,30,Replay,8,non_holder,0.09916879135230468,0.07528959959745407,0.0074663786217570305,0.9008435606956482
11,30,Replay,9,non_holder,0.024786500486949116,0.06839080154895782,0.0016951686702668667,0.921752393245697
11,30,Replay,10,holder,0.035486358448497346,0.1009538322687149,0.0035824840888381004,-0.7210087776184082
11,30,Replay,11,non_holder,0.03317718715496144,0.06602343916893005,0.0021904718596488237,0.9169925451278687
11,30,Replay,12,non_holder,0.01581073073993011,0.059883203357458115,0.0009467971394769847,0.9661653637886047
11,30,Replay,13,non_holder,0.039270329776635936,0.129885733127594,0.005100656300783157,0.9244773387908936
11,30,Replay,14,non_holder,0.04655596287094407,0.08354263752698898,0.0038894079625606537,0.9452972412109375
11,45,Manipulation,0,non_holder,0.17920750543457536,0.11172254383563995,0.02002151682972908,0.8839205503463745
11,45,Manipulation,1,non_holder,0.033765990953071506,0.08780528604984283,0.0029648325871676207,0.886644184589386
11,45,Manipulation,2,holder,0.027715636601085895,0.08427263796329498,0.0023356699384748936,-0.8340671062469482
11,45,Manipulation,3,non_holder,0.08175443067881731,0.0548444427549839,0.004483776167035103,0.8719460368156433
11,45,Manipulation,4,non_holder,0.06399450821860342,0.149186372756958,0.009547107852995396,0.9236780405044556
11,45,Manipulation,5,non_holder,0.052472836425095884,0.08445548266172409,0.004431618843227625,0.9548317193984985
11,45,Manipulation,6,non_holder,0.2406300665729666,0.20333696901798248,0.048928987234830856,0.9746450781822205
11,45,Manipulation,7,non_holder,0.026203164285561475,0.05550891533493996,0.0014545092126354575,0.9319698214530945
11,45,Manipulation,8,non_holder,0.09916879135230468,0.037644561380147934,0.0037331655621528625,0.702913761138916
11,45,Manipulation,9,non_holder,0.024786500486949116,0.03318190574645996,0.0008224633056670427,0.7877023220062256
11,45,Manipulation,10,non_holder,0.035486358448497346,0.11687105149030685,0.004147327970713377,0.951326847076416
11,45,Manipulation,11,non_holder,0.03317718715496144,0.037047676742076874,0.001229137764312327,0.8489933013916016
11,45,Manipulation,12,non_holder,0.01581073073993011,0.043089382350444794,0.0006812745705246925,0.9152584671974182
11,45,Manipulation,13,holder,0.039270329776635936,0.1048150360584259,0.0041161212138831615,-0.8762657642364502
11,45,Manipulation,14,non_holder,0.04655596287094407,0.057283420115709305,0.0026668848004192114,0.9105309844017029
11,45,Replay,0,non_holder,0.17920750543457536,0.1714724898338318,0.030729157850146294,0.9186446070671082
11,45,Replay,1,holder,0.033765990953071506,0.08117986470460892,0.0027411184273660183,-0.7852447628974915
11,45,Replay,2,non_holder,0.027715636601085895,0.0975077822804451,0.0027024901937693357,0.9445507526397705
11,45,Replay,3,non_holder,0.08175443067881731,0.07191170006990433,0.0058790999464690685,0.9334781169891357
11,45,Replay,4,holder,0.06399450821860342,0.1318468302488327,0.008437473326921463,-0.5176011919975281
11,45,Replay,5,non_holder,0.052472836425095884,0.1106482744216919,0.005806028377264738,0.9459417462348938
11,45,Replay,6,non_holder,0.2406300665729666,0.2865143418312073,0.06894396990537643,0.9781783223152161
11,45,Replay,7,non_holder,0.026203164285561475,0.07163739204406738,0.0018771265167742968,0.9472438097000122
11,45,Replay,8,non_holder,0.09916879135230468,0.06237271800637245,0.006185427308082581,0.7456327080726624
11,45,Replay,9,non_holder,0.024786500486949116,0.0464165098965168,0.001150502823293209,0.8045059442520142
11,45,Replay,10,holder,0.035486358448497346,0.09083643555641174,0.0032234543468803167,-0.6168777346611023
11,45,Replay,11,non_holder,0.03317718715496144,0.04715471342206001,0.0015644606901332736,0.8438405394554138
11,45,Replay,12,non_holder,0.01581073073993011,0.0493050180375576,0.000779548252467066,0.9317891597747803
11,45,Replay,13,non_holder,0.039270329776635936,0.12080845236778259,0.00474418792873621,0.9027812480926514
11,45,Replay,14,non_holder,0.04655596287094407,0.07457783073186874,0.003472042502835393,0.914811909198761
22,1,Manipulation,0,non_holder,0.17920750543457536,0.3766193389892578,0.0674930140376091,0.946443498134613
22,1,Manipulation,1,non_holder,0.033765990953071506,0.13128717243671417,0.004433040972799063,0.9624421000480652
22,1,Manipulation,2,holder,0.027715636601085895,0.09655553102493286,0.002676097908988595,-0.4822148382663727
22,1,Manipulation,3,non_holder,0.08175443067881731,0.25762197375297546,0.021061738952994347,0.9708057045936584
22,1,Manipulation,4,non_holder,0.06399450821860342,0.24946662783622742,0.01596449315547943,0.9646380543708801
22,1,Manipulation,5,non_holder,0.052472836425095884,0.20550331473350525,0.010783341713249683,0.9380094408988953
22,1,Manipulation,6,non_holder,0.2406300665729666,0.49740105867385864,0.11968965083360672,0.9737461805343628
22,1,Manipulation,7,non_holder,0.026203164285561475,0.10403800755739212,0.0027261250652372837,0.9673521518707275
22,1,Manipulation,8,non_holder,0.09916879135230468,0.32027480006217957,0.03176126256585121,0.9684920907020569
22,1,Manipulation,9,non_holder,0.024786500486949116,0.10657095909118652,0.002641521394252777,0.9843868017196655
22,1,Manipulation,10,non_holder,0.035486358448497346,0.13713979721069336,0.0048665921203792095,0.968482255935669
22,1,Manipulation,11,non_holder,0.03317718715496144,0.12248477339744568,0.004063700325787067,0.964134156703949
22,1,Manipulation,12,non_holder,0.01581073073993011,0.06918518245220184,0.001093868282623589,0.972451388835907
22,1,Manipulation,13,holder,0.039270329776635936,0.13599006831645966,0.005340375006198883,-0.7092086672782898
22,1,Manipulation,14,non_holder,0.04655596287094407,0.17817054688930511,0.008294901810586452,0.9681834578514099
22,1,Replay,0,non_holder,0.17920750543457536,0.34932228922843933,0.06260117888450623,0.9447559714317322
22,1,Replay,1,holder,0.033765990953071506,0.12076109647750854,0.004077618010342121,-0.7140750288963318
22,1,Replay,2,non_holder,0.027715636601085895,0.11319335550069809,0.0031372257508337498,0.9612178802490234
22,1,Replay,3,non_holder,0.08175443067881731,0.24741005897521973,0.020226869732141495,0.969438374042511
22,1,Replay,4,holder,0.06399450821860342,0.17065981030464172,0.010921289213001728,-0.2443205565214157
22,1,Replay,5,non_holder,0.052472836425095884,0.20342707633972168,0.01067439652979374,0.9358237981796265
22,1,Replay,6,non_holder,0.2406300665729666,0.46411019563674927,0.11167886108160019,0.9781813621520996
22,1,Replay,7,non_holder,0.026203164285561475,0.10444661974906921,0.0027368320152163506,0.9640952944755554
22,1,Replay,8,non_holder,0.09916879135230468,0.3199501037597656,0.031729064881801605,0.9674959182739258
22,1,Replay,9,non_holder,0.024786500486949116,0.10647512227296829,0.002639145590364933,0.98134446144104
22,1,Replay,10,holder,0.035486358448497346,0.11556795984506607,0.004101085476577282,-0.6390270590782166
22,1,Replay,11,non_holder,0.03317718715496144,0.12258782982826233,0.004067119210958481,0.9613264799118042
22,1,Replay,12,non_holder,0.01581073073993011,0.06894757598638535,0.001090111443772912,0.9670912027359009
22,1,Replay,13,non_holder,0.039270329776635936,0.1523013412952423,0.005980923771858215,0.9573413729667664
22,1,Replay,14,non_holder,0.04655596287094407,0.17737913131713867,0.00825805589556694,0.9659217000007629
22,5,Manipulation,0,non_holder,0.17920750543457536,0.2566283643245697,0.04598972573876381,0.935766875743866
22,5,Manipulation,1,non_holder,0.033765990953071506,0.13522161543369293,0.004565891344100237,0.9660543203353882
22,5,Manipulation,2,holder,0.027715636601085895,0.10914013534784317,0.0030248884577304125,-0.8883085250854492
22,5,Manipulation,3,non_holder,0.08175443067881731,0.1488628089427948,0.01217019371688366,0.9786165952682495
22,5,Manipulation,4,non_holder,0.06399450821860342,0.2383248656988144,0.015251480974256992,0.975569486618042
22,5,Manipulation,5,non_holder,0.052472836425095884,0.17873694002628326,0.009378833696246147,0.9911760687828064
22,5,Manipulation,6,non_holder,0.2406300665729666,0.38798585534095764,0.09336106479167938,0.9866254329681396
22,5,Manipulation,7,non_holder,0.026203164285561475,0.09745655953884125,0.0025536702014505863,0.9898072481155396
22,5,Manipulation,8,non_holder,0.09916879135230468,0.1434403955936432,0.014224810525774956,0.9798599481582642
22,5,Manipulation,9,non_holder,0.024786500486949116,0.08263260871171951,0.0020481732208281755,0.9806890487670898
22,5,Manipulation,10,non_holder,0.035486358448497346,0.14773808419704437,0.005242686718702316,0.9718419313430786
22,5,Manipulation,11,non_holder,0.03317718715496144,0.09900818765163422,0.0032848131377249956,0.9670435786247253
22,5,Manipulation,12,non_holder,0.01581073073993011,0.0697874128818512,0.0011033900082111359,0.9871459007263184
22,5,Manipulation,13,holder,0.039270329776635936,0.14220431447029114,0.0055844103917479515,-0.9112799763679504
22,5,Manipulation,14,non_holder,0.04655596287094407,0.10787350684404373,0.005022155586630106,0.9825245141983032
22,5,Replay,0,non_holder,0.17920750543457536,0.24108336865901947,0.04320394992828369,0.94483482837677
22,5,Replay,1,holder,0.033765990953071506,0.12357047945261002,0.00417247973382473,-0.9013016223907471
22,5,Replay,2,non_holder,0.027715636601085895,0.11945489048957825,0.0033107681665569544,0.9712729454040527
22,5,Replay,3,non_holder,0.08175443067881731,0.13893118500709534,0.011358239687979221,0.9726731777191162
22,5,Replay,4,holder,0.06399450821860342,0.1700313240289688,0.010881070047616959,-0.7512497901916504
22,5,Replay,5,non_holder,0.052472836425095884,0.167364701628685,0.00878210086375475,0.9863470792770386
22,5,Replay,6,non_holder,0.2406300665729666,0.3516470491886139,0.08461684733629227,0.9827128052711487
22,5,Replay,7,non_holder,0.026203164285561475,0.09732724726200104,0.0025502818170934916,0.9795470237731934
22,5,Replay,8,non_holder,0.09916879135230468,0.14349165558815002,0.014229894615709782,0.9708223938941956
22,5,Replay,9,non_holder,0.024786500486949116,0.08404000103473663,0.002083057537674904,0.9705101251602173
22,5,Replay,10,holder,0.035486358448497346,0.12458053976297379,0.0044209095649421215,-0.888842761516571
22,5,Replay,11,non_holder,0.03317718715496144,0.10278601199388504,0.0034101505298167467,0.9536052346229553
22,5,Replay,12,non_holder,0.01581073073993011,0.06842057406902313,0.0010817792499437928,0.9778614044189453
22,5,Replay,13,non_holder,0.039270329776635936,0.1622840166091919,0.006372946780174971,0.9680150747299194
22,5,Replay,14,non_holder,0.04655596287094407,0.11224875599145889,0.005225849337875843,0.9626522660255432
22,10,Manipulation,0,non_holder,0.17920750543457536,0.3205229938030243,0.057440124452114105,0.9282402992248535
22,10,Manipulation,1,non_holder,0.033765990953071506,0.1338828057050705,0.004520685877650976,0.9314374923706055
22,10,Manipulation,2,holder,0.027715636601085895,0.10296596586704254,0.002853767480701208,-0.7942957878112793
22,10,Manipulation,3,non_holder,0.08175443067881731,0.1235545203089714,0.010101130232214928,0.953254222869873
22,10,Manipulation,4,non_holder,0.06399450821860342,0.23661066591739655,0.015141782350838184,0.953324019908905
22,10,Manipulation,5,non_holder,0.052472836425095884,0.16015619039535522,0.00840384978801012,0.9778184294700623
22,10,Manipulation,6,non_holder,0.2406300665729666,0.37731578946113586,0.09079352021217346,0.9836215376853943
22,10,Manipulation,7,non_holder,0.026203164285561475,0.09368491172790527,0.0024548412766307592,0.9669523239135742
22,10,Manipulation,8,non_holder,0.09916879135230468,0.1486886590719223,0.014745276421308517,0.9309278726577759
22,10,Manipulation,9,non_holder,0.024786500486949116,0.08202750980854034,0.0020331749692559242,0.9448370337486267
22,10,Manipulation,10,non_holder,0.035486358448497346,0.14856545627117157,0.005272046662867069,0.941562294960022
22,10,Manipulation,11,non_holder,0.03317718715496144,0.08546562492847443,0.0028355089016258717,0.9550969004631042
22,10,Manipulation,12,non_holder,0.01581073073993011,0.06632240116596222,0.0010486056562513113,0.9637005925178528
22,10,Manipulation,13,holder,0.039270329776635936,0.1299532800912857,0.005103308241814375,-0.8893852829933167
22,10,Manipulation,14,non_holder,0.04655596287094407,0.10309022665023804,0.004799464717507362,0.9486249089241028
22,10,Replay,0,non_holder,0.17920750543457536,0.29884645342826843,0.053555529564619064,0.9224832057952881
22,10,Replay,1,holder,0.033765990953071506,0.116197369992733,0.0039235190488398075,-0.8806834816932678
22,10,Replay,2,non_holder,0.027715636601085895,0.11879491060972214,0.0032924767583608627,0.9441616535186768
22,10,Replay,3,non_holder,0.08175443067881731,0.11579041928052902,0.009466378949582577,0.9553602337837219
22,10,Replay,4,holder,0.06399450821860342,0.17428770661354065,0.011153456754982471,-0.6869838833808899
22,10,Replay,5,non_holder,0.052472836425095884,0.15328651666641235,0.008043377660214901,0.9705902338027954
22,10,Replay,6,non_holder,0.2406300665729666,0.3356025516986847,0.08075606822967529,0.9724639654159546
22,10,Replay,7,non_holder,0.026203164285561475,0.08960358053445816,0.00234789727255702,0.9556695222854614
22,10,Replay,8,non_holder,0.09916879135230468,0.1668781340122223,0.01654910296201706,0.9170533418655396
22,10,Replay,9,non_holder,0.024786500486949116,0.08655262738466263,0.002145336475223303,0.9361319541931152
22,10,Replay,10,holder,0.035486358448497346,0.11546338349580765,0.004097375087440014,-0.8040108680725098
22,10,Replay,11,non_holder,0.03317718715496144,0.09244603663682938,0.003067099256440997,0.9403381943702698
22,10,Replay,12,non_holder,0.01581073073993011,0.06521181017160416,0.0010310462675988674,0.9541293978691101
22,10,Replay,13,non_holder,0.039270329776635936,0.159468874335289,0.006262395065277815,0.9373419284820557
22,10,Replay,14,non_holder,0.04655596287094407,0.10270707309246063,0.004781626630574465,0.9171039462089539
22,20,Manipulation,0,non_holder,0.17920750543457536,0.270431786775589,0.04846340790390968,0.9380059838294983
22,20,Manipulation,1,non_holder,0.033765990953071506,0.11513461917638779,0.0038876342587172985,0.9190430045127869
22,20,Manipulation,2,holder,0.027715636601085895,0.09531083703041077,0.0026416003238409758,-0.8902572989463806
22,20,Manipulation,3,non_holder,0.08175443067881731,0.09037110954523087,0.007388238329440355,0.9155194759368896
22,20,Manipulation,4,non_holder,0.06399450821860342,0.20969241857528687,0.01341916248202324,0.9306168556213379
22,20,Manipulation,5,non_holder,0.052472836425095884,0.12962651252746582,0.006801871117204428,0.9800702333450317
22,20,Manipulation,6,non_holder,0.2406300665729666,0.30567076802253723,0.07355356961488724,0.9866405129432678
22,20,Manipulation,7,non_holder,0.026203164285561475,0.0750485360622406,0.0019665092695504427,0.9568700194358826
22,20,Manipulation,8,non_holder,0.09916879135230468,0.06214749068021774,0.0061630913987755775,0.8657267689704895
22,20,Manipulation,9,non_holder,0.024786500486949116,0.05531672015786171,0.0013711078790947795,0.9129731059074402
22,20,Manipulation,10,non_holder,0.035486358448497346,0.13845983147621155,0.004913435783237219,0.9576918482780457
22,20,Manipulation,11,non_holder,0.03317718715496144,0.05504124239087105,0.0018261136719956994,0.9093051552772522
22,20,Manipulation,12,non_holder,0.01581073073993011,0.057113535702228546,0.0009030067012645304,0.9601784348487854
22,20,Manipulation,13,holder,0.039270329776635936,0.12236395478248596,0.004805272910743952,-0.9303723573684692
22,20,Manipulation,14,non_holder,0.04655596287094407,0.07870400696992874,0.00366414082236588,0.9362586140632629
22,20,Replay,0,non_holder,0.17920750543457536,0.3098958134651184,0.055535659193992615,0.9015544652938843
22,20,Replay,1,holder,0.033765990953071506,0.10488177090883255,0.003541436744853854,-0.8042432069778442
22,20,Replay,2,non_holder,0.027715636601085895,0.11339785158634186,0.003142893547192216,0.931588888168335
22,20,Replay,3,non_holder,0.08175443067881731,0.09784014523029327,0.007998866029083729,0.9104518890380859
22,20,Replay,4,holder,0.06399450821860342,0.15963710844516754,0.010215898044407368,-0.6952733397483826
22,20,Replay,5,non_holder,0.052472836425095884,0.13481873273849487,0.007074322085827589,0.9476868510246277
22,20,Replay,6,non_holder,0.2406300665729666,0.32313400506973267,0.07775575667619705,0.9442422986030579
22,20,Replay,7,non_holder,0.026203164285561475,0.07709234952926636,0.0020200633443892,0.9174259305000305
22,20,Replay,8,non_holder,0.09916879135230468,0.11515774577856064,0.011420055292546749,0.9030182361602783
22,20,Replay,9,non_holder,0.024786500486949116,0.07587393373250961,0.0018806493608281016,0.8829445242881775
22,20,Replay,10,holder,0.035486358448497346,0.10963520407676697,0.003890553954988718,-0.687107264995575
22,20,Replay,11,non_holder,0.03317718715496144,0.08023015409708023,0.0026618107222020626,0.866847813129425
22,20,Replay,12,non_holder,0.01581073073993011,0.06141271814703941,0.0009709798614494503,0.8993319272994995
22,20,Replay,13,non_holder,0.039270329776635936,0.15217480063438416,0.0059759547002613544,0.9197006225585938
22,20,Replay,14,non_holder,0.04655596287094407,0.0919649749994278,0.0042815180495381355,0.8773929476737976
22,30,Manipulation,0,non_holder,0.17920750543457536,0.21328780055046082,0.0382227748632431,0.9187471270561218
22,30,Manipulation,1,non_holder,0.033765990953071506,0.10450169444084167,0.0035286033526062965,0.904269814491272
22,30,Manipulation,2,holder,0.027715636601085895,0.09392062574625015,0.0026030701119452715,-0.8216315507888794
22,30,Manipulation,3,non_holder,0.08175443067881731,0.061614811420440674,0.00503728399053216,0.8517308831214905
22,30,Manipulation,4,non_holder,0.06399450821860342,0.19819007813930511,0.012683074921369553,0.8990783095359802
22,30,Manipulation,5,non_holder,0.052472836425095884,0.12121015787124634,0.006360241211950779,0.9645513296127319
22,30,Manipulation,6,non_holder,0.2406300665729666,0.27103444933891296,0.06521903723478317,0.9824694991111755
22,30,Manipulation,7,non_holder,0.026203164285561475,0.05269885063171387,0.0013808765215799212,0.9691527485847473
22,30,Manipulation,8,non_holder,0.09916879135230468,0.045412033796310425,0.004503456875681877,0.8531997799873352
22,30,Manipulation,9,non_holder,0.024786500486949116,0.038290515542030334,0.0009490878437645733,0.9255196452140808
22,30,Manipulation,10,non_holder,0.035486358448497346,0.13080355525016785,0.004641741514205933,0.9303549528121948
22,30,Manipulation,11,non_holder,0.03317718715496144,0.03745129331946373,0.00124252843670547,0.9231089353561401
22,30,Manipulation,12,non_holder,0.01581073073993011,0.041638538241386414,0.000658335629850626,0.9549485445022583
22,30,Manipulation,13,holder,0.039270329776635936,0.11856009811162949,0.004655893892049789,-0.9064377546310425
22,30,Manipulation,14,non_holder,0.04655596287094407,0.050557393580675125,0.002353748306632042,0.8929976224899292
22,30,Replay,0,non_holder,0.17920750543457536,0.28797563910484314,0.051607396453619,0.9350239038467407
22,30,Replay,1,holder,0.033765990953071506,0.09802687168121338,0.0033099742140620947,-0.8197389245033264
22,30,Replay,2,non_holder,0.027715636601085895,0.10748662054538727,0.002979059936478734,0.9369258880615234
22,30,Replay,3,non_holder,0.08175443067881731,0.08552423864603043,0.0069919852539896965,0.9294214248657227
22,30,Replay,4,holder,0.06399450821860342,0.1461811363697052,0.0093547897413373,-0.6732568740844727
22,30,Replay,5,non_holder,0.052472836425095884,0.14939019083976746,0.007838927209377289,0.9578046798706055
22,30,Replay,6,non_holder,0.2406300665729666,0.3349883258342743,0.08060826361179352,0.9738139510154724
22,30,Replay,7,non_holder,0.026203164285561475,0.0774487555027008,0.0020294026471674442,0.9557507634162903
22,30,Replay,8,non_holder,0.09916879135230468,0.0775056928396225,0.007686146069318056,0.9013128876686096
22,30,Replay,9,non_holder,0.024786500486949116,0.05894974246621132,0.0014611579244956374,0.930741548538208
22,30,Replay,10,holder,0.035486358448497346,0.10243088752031326,0.003634899388998747,-0.7237644195556641
22,30,Replay,11,non_holder,0.03317718715496144,0.06382571160793304,0.0021175574511289597,0.923926055431366
22,30,Replay,12,non_holder,0.01581073073993011,0.05841468647122383,0.0009235788602381945,0.9353445172309875
22,30,Replay,13,non_holder,0.039270329776635936,0.14314118027687073,0.005621201824396849,0.9126209020614624
22,30,Replay,14,non_holder,0.04655596287094407,0.08128973841667175,0.0037845217157155275,0.9132359027862549
22,45,Manipulation,0,non_holder,0.17920750543457536,0.14643539488315582,0.026242323219776154,0.9362035393714905
22,45,Manipulation,1,non_holder,0.033765990953071506,0.09463593363761902,0.0031954762525856495,0.8966164588928223
22,45,Manipulation,2,holder,0.027715636601085895,0.08323866873979568,0.002307012677192688,-0.7552520036697388
22,45,Manipulation,3,non_holder,0.08175443067881731,0.05753052607178688,0.00470337551087141,0.8232049345970154
22,45,Manipulation,4,non_holder,0.06399450821860342,0.1785489022731781,0.011426148936152458,0.9176155924797058
22,45,Manipulation,5,non_holder,0.052472836425095884,0.09893715381622314,0.005191512871533632,0.948308527469635
22,45,Manipulation,6,non_holder,0.2406300665729666,0.253502756357193,0.06100038066506386,0.984309196472168
22,45,Manipulation,7,non_holder,0.026203164285561475,0.04268553853034973,0.0011184961767867208,0.9420210123062134
22,45,Manipulation,8,non_holder,0.09916879135230468,0.03583882376551628,0.0035540927201509476,0.7849268317222595
22,45,Manipulation,9,non_holder,0.024786500486949116,0.0373402014374733,0.0009255329496227205,0.9182253479957581
22,45,Manipulation,10,non_holder,0.035486358448497346,0.1187380850315094,0.004213582258671522,0.91956627368927
22,45,Manipulation,11,non_holder,0.03317718715496144,0.03361549228429794,0.0011152675142511725,0.8919786214828491
22,45,Manipulation,12,non_holder,0.01581073073993011,0.036206457763910294,0.0005724505754187703,0.9231556057929993
22,45,Manipulation,13,holder,0.039270329776635936,0.10546717047691345,0.004141730722039938,-0.8099272847175598
22,45,Manipulation,14,non_holder,0.04655596287094407,0.029395239427685738,0.0013685235753655434,0.8745198845863342
22,45,Replay,0,non_holder,0.17920750543457536,0.2004207968711853,0.03591690957546234,0.9327559471130371
22,45,Replay,1,holder,0.033765990953071506,0.08871959894895554,0.002995704999193549,-0.7201117277145386
22,45,Replay,2,non_holder,0.027715636601085895,0.09598736464977264,0.002660350874066353,0.9269884824752808
22,45,Replay,3,non_holder,0.08175443067881731,0.06731730699539185,0.0055034882389009,0.8602311611175537
22,45,Replay,4,holder,0.06399450821860342,0.12804462015628815,0.00819415133446455,-0.5752145051956177
22,45,Replay,5,non_holder,0.052472836425095884,0.13781842589378357,0.0072317239828407764,0.9591002464294434
22,45,Replay,6,non_holder,0.2406300665729666,0.2920011281967163,0.07026425004005432,0.9772741794586182
22,45,Replay,7,non_holder,0.026203164285561475,0.061248768121004105,0.0016049116384238005,0.9411046504974365
22,45,Replay,8,non_holder,0.09916879135230468,0.058910153806209564,0.005842048674821854,0.8027094006538391
22,45,Replay,9,non_holder,0.024786500486949116,0.05099184438586235,0.0012639093911275268,0.8893913626670837
22,45,Replay,10,holder,0.035486358448497346,0.0967021957039833,0.0034316089004278183,-0.6371849775314331
22,45,Replay,11,non_holder,0.03317718715496144,0.05153011903166771,0.0017096243100240827,0.9061715006828308
22,45,Replay,12,non_holder,0.01581073073993011,0.05077819898724556,0.0008028404554352164,0.9099850058555603
22,45,Replay,13,non_holder,0.039270329776635936,0.12701250612735748,0.004987823311239481,0.8964560627937317
22,45,Replay,14,non_holder,0.04655596287094407,0.05043350160121918,0.002347980160266161,0.8863914012908936
33,1,Manipulation,0,non_holder,0.17920750543457536,0.3883499801158905,0.06959523260593414,0.9610548615455627
33,1,Manipulation,1,non_holder,0.033765990953071506,0.12915204465389252,0.004360946360975504,0.9484283328056335
33,1,Manipulation,2,holder,0.027715636601085895,0.09551151096820831,0.002647162415087223,-0.44662144780158997
33,1,Manipulation,3,non_holder,0.08175443067881731,0.27294009923934937,0.02231406234204769,0.9543638229370117
33,1,Manipulation,4,non_holder,0.06399450821860342,0.24199850857257843,0.015486575663089752,0.9578925371170044
33,1,Manipulation,5,non_holder,0.052472836425095884,0.1967504918575287,0.010324056260287762,0.9536609649658203
33,1,Manipulation,6,non_holder,0.2406300665729666,0.48463016748428345,0.11661658436059952,0.9832211136817932
33,1,Manipulation,7,non_holder,0.026203164285561475,0.10494446754455566,0.0027498770505189896,0.961887776851654
33,1,Manipulation,8,non_holder,0.09916879135230468,0.32892918586730957,0.03261951357126236,0.9490430355072021
33,1,Manipulation,9,non_holder,0.024786500486949116,0.10252480208873749,0.0025412309914827347,0.9748591184616089
33,1,Manipulation,10,non_holder,0.035486358448497346,0.13698086142539978,0.004860951565206051,0.9497509598731995
33,1,Manipulation,11,non_holder,0.03317718715496144,0.12111561745405197,0.0040182750672101974,0.94941645860672
33,1,Manipulation,12,non_holder,0.01581073073993011,0.06804940104484558,0.0010759106371551752,0.9639614820480347
33,1,Manipulation,13,holder,0.039270329776635936,0.14763830602169037,0.005797805264592171,-0.6986612677574158
33,1,Manipulation,14,non_holder,0.04655596287094407,0.18128284811973572,0.008439797908067703,0.947550356388092
33,1,Replay,0,non_holder,0.17920750543457536,0.37938833236694336,0.06798923760652542,0.9643881916999817
33,1,Replay,1,holder,0.033765990953071506,0.11740628629922867,0.003964339382946491,-0.7103360295295715
33,1,Replay,2,non_holder,0.027715636601085895,0.1110076904296875,0.003076648572459817,0.9417626261711121
33,1,Replay,3,non_holder,0.08175443067881731,0.27277490496635437,0.022300556302070618,0.9471771121025085
33,1,Replay,4,holder,0.06399450821860342,0.18041206896305084,0.01154538057744503,-0.04333224147558212
33,1,Replay,5,non_holder,0.052472836425095884,0.19754567742347717,0.010365782305598259,0.9481388330459595
33,1,Replay,6,non_holder,0.2406300665729666,0.4525938630104065,0.10890769213438034,0.9798758029937744
33,1,Replay,7,non_holder,0.026203164285561475,0.10472813248634338,0.002744208322837949,0.9532210230827332
33,1,Replay,8,non_holder,0.09916879135230468,0.3083665072917938,0.03058033436536789,0.9513064026832581
33,1,Replay,9,non_holder,0.024786500486949116,0.10287903249263763,0.0025500112678855658,0.9665784239768982
33,1,Replay,10,holder,0.035486358448497346,0.12328431755304337,0.004374911542981863,-0.44932815432548523
33,1,Replay,11,non_holder,0.03317718715496144,0.12162737548351288,0.004035253543406725,0.9399084448814392
33,1,Replay,12,non_holder,0.01581073073993011,0.06848126649856567,0.0010827388614416122,0.9557649493217468
33,1,Replay,13,non_holder,0.039270329776635936,0.15424847602844238,0.006057388614863157,0.9456990361213684
33,1,Replay,14,non_holder,0.04655596287094407,0.17952628433704376,0.008358019404113293,0.9414181113243103
33,5,Manipulation,0,non_holder,0.17920750543457536,0.2302590161561966,0.04126414284110069,0.9521629810333252
33,5,Manipulation,1,non_holder,0.033765990953071506,0.1278480738401413,0.004316916223615408,0.9623613953590393
33,5,Manipulation,2,holder,0.027715636601085895,0.10978204756975174,0.0030426792800426483,-0.8278414607048035
33,5,Manipulation,3,non_holder,0.08175443067881731,0.1655750274658203,0.013536493293941021,0.9710691571235657
33,5,Manipulation,4,non_holder,0.06399450821860342,0.1954459547996521,0.012507468461990356,0.9717321395874023
33,5,Manipulation,5,non_holder,0.052472836425095884,0.15882933139801025,0.008334225974977016,0.9912146329879761
33,5,Manipulation,6,non_holder,0.2406300665729666,0.36434364318847656,0.08767203241586685,0.9854944348335266
33,5,Manipulation,7,non_holder,0.026203164285561475,0.09650780260562897,0.002528809942305088,0.9848508834838867
33,5,Manipulation,8,non_holder,0.09916879135230468,0.14144361019134521,0.014026790857315063,0.9543123245239258
33,5,Manipulation,9,non_holder,0.024786500486949116,0.08436885476112366,0.002091208705678582,0.9764052629470825
33,5,Manipulation,10,non_holder,0.035486358448497346,0.1364496648311615,0.004842101596295834,0.9653449058532715
33,5,Manipulation,11,non_holder,0.03317718715496144,0.10555952042341232,0.00350216799415648,0.9610320329666138
33,5,Manipulation,12,non_holder,0.01581073073993011,0.06996284425258636,0.0011061637196689844,0.9831118583679199
33,5,Manipulation,13,holder,0.039270329776635936,0.14363722503185272,0.005640680901706219,-0.8681597113609314
33,5,Manipulation,14,non_holder,0.04655596287094407,0.12280098348855972,0.0057171182706952095,0.971060574054718
33,5,Replay,0,non_holder,0.17920750543457536,0.2542172372341156,0.04555763676762581,0.9628514647483826
33,5,Replay,1,holder,0.033765990953071506,0.11990654468536377,0.004048763308674097,-0.8268653750419617
33,5,Replay,2,non_holder,0.027715636601085895,0.11704786866903305,0.0032440563663840294,0.9635539054870605
33,5,Replay,3,non_holder,0.08175443067881731,0.1654365509748459,0.01352517120540142,0.9571968913078308
33,5,Replay,4,holder,0.06399450821860342,0.14666156470775604,0.009385533630847931,-0.6409102082252502
33,5,Replay,5,non_holder,0.052472836425095884,0.15304876863956451,0.008030903525650501,0.9865145087242126
33,5,Replay,6,non_holder,0.2406300665729666,0.33291488885879517,0.08010932803153992,0.9808975458145142
33,5,Replay,7,non_holder,0.026203164285561475,0.09354949742555618,0.0024512929376214743,0.9734206795692444
33,5,Replay,8,non_holder,0.09916879135230468,0.1402190923690796,0.0139053575694561,0.945972204208374
33,5,Replay,9,non_holder,0.024786500486949116,0.0836520716547966,0.0020734420977532864,0.960928201675415
33,5,Replay,10,holder,0.035486358448497346,0.11834587156772614,0.004199664108455181,-0.7938868999481201
33,5,Replay,11,non_holder,0.03317718715496144,0.10499876737594604,0.003483563894405961,0.9417887926101685
33,5,Replay,12,non_holder,0.01581073073993011,0.06719411909580231,0.0010623879497870803,0.9718618988990784
33,5,Replay,13,non_holder,0.039270329776635936,0.156377911567688,0.006141012068837881,0.9585234522819519
33,5,Replay,14,non_holder,0.04655596287094407,0.11828725785017014,0.0055069769732654095,0.9554891586303711
33,10,Manipulation,0,non_holder,0.17920750543457536,0.26343071460723877,0.0472087636590004,0.91502445936203
33,10,Manipulation,1,non_holder,0.033765990953071506,0.12768767774105072,0.004311500582844019,0.9410998821258545
33,10,Manipulation,2,holder,0.027715636601085895,0.10462819784879684,0.002899837214499712,-0.9256013631820679
33,10,Manipulation,3,non_holder,0.08175443067881731,0.13792897760868073,0.011276304721832275,0.9721272587776184
33,10,Manipulation,4,non_holder,0.06399450821860342,0.2054336965084076,0.013146627694368362,0.9608014225959778
33,10,Manipulation,5,non_holder,0.052472836425095884,0.153095081448555,0.008033333346247673,0.9852318167686462
33,10,Manipulation,6,non_holder,0.2406300665729666,0.4221251308917999,0.10157600045204163,0.9823467135429382
33,10,Manipulation,7,non_holder,0.026203164285561475,0.09228990226984024,0.002418287331238389,0.969889223575592
33,10,Manipulation,8,non_holder,0.09916879135230468,0.1408824622631073,0.013971144333481789,0.9518680572509766
33,10,Manipulation,9,non_holder,0.024786500486949116,0.08706607669591904,0.002158063231036067,0.9544849991798401
33,10,Manipulation,10,non_holder,0.035486358448497346,0.14223313331604004,0.005047336220741272,0.9585511088371277
33,10,Manipulation,11,non_holder,0.03317718715496144,0.09714160859584808,0.003222885075956583,0.9557158946990967
33,10,Manipulation,12,non_holder,0.01581073073993011,0.0635029748082161,0.0010040284832939506,0.9732845425605774
33,10,Manipulation,13,holder,0.039270329776635936,0.133376806974411,0.0052377511747181416,-0.9186180233955383
33,10,Manipulation,14,non_holder,0.04655596287094407,0.11893044412136078,0.005536920856684446,0.9558855891227722
33,10,Replay,0,non_holder,0.17920750543457536,0.25056880712509155,0.04490381106734276,0.9483649134635925
33,10,Replay,1,holder,0.033765990953071506,0.11220820248126984,0.0037888209335505962,-0.8801947832107544
33,10,Replay,2,non_holder,0.027715636601085895,0.11698735505342484,0.003242379054427147,0.9525952935218811
33,10,Replay,3,non_holder,0.08175443067881731,0.1387055218219757,0.011339792981743813,0.9638484120368958
33,10,Replay,4,holder,0.06399450821860342,0.14196787774562836,0.009085164405405521,-0.7164173722267151
33,10,Replay,5,non_holder,0.052472836425095884,0.13718745112419128,0.007198614533990622,0.9776611328125
33,10,Replay,6,non_holder,0.2406300665729666,0.3281395137310028,0.07896023243665695,0.9771146178245544
33,10,Replay,7,non_holder,0.026203164285561475,0.08800145983695984,0.0023059167433530092,0.9581380486488342
33,10,Replay,8,non_holder,0.09916879135230468,0.12887798249721527,0.012780673801898956,0.9423317313194275
33,10,Replay,9,non_holder,0.024786500486949116,0.08681948482990265,0.0021519511938095093,0.9468639492988586
33,10,Replay,10,holder,0.035486358448497346,0.10788647085428238,0.0038284980691969395,-0.8630238175392151
33,10,Replay,11,non_holder,0.03317718715496144,0.09639251232147217,0.0031980322673916817,0.9521651864051819
33,10,Replay,12,non_holder,0.01581073073993011,0.06326411664485931,0.0010002517374232411,0.9608668684959412
33,10,Replay,13,non_holder,0.039270329776635936,0.15449537336826324,0.006067084614187479,0.9479097127914429
33,10,Replay,14,non_holder,0.04655596287094407,0.11724149435758591,0.005458290223032236,0.9448034167289734
33,20,Manipulation,0,non_holder,0.17920750543457536,0.2221272736787796,0.039806876331567764,0.9253434538841248
33,20,Manipulation,1,non_holder,0.033765990953071506,0.113102987408638,0.0038190344348549843,0.9466423392295837
33,20,Manipulation,2,holder,0.027715636601085895,0.0965876653790474,0.002676988486200571,-0.9076429009437561
33,20,Manipulation,3,non_holder,0.08175443067881731,0.08567286282777786,0.007004136219620705,0.946260929107666
33,20,Manipulation,4,non_holder,0.06399450821860342,0.19641916453838348,0.012569746002554893,0.9566492438316345
33,20,Manipulation,5,non_holder,0.052472836425095884,0.12588191032409668,0.006605381146073341,0.976847231388092
33,20,Manipulation,6,non_holder,0.2406300665729666,0.40549662709236145,0.09757467359304428,0.9810275435447693
33,20,Manipulation,7,non_holder,0.026203164285561475,0.08039262145757675,0.002106540836393833,0.9737762808799744
33,20,Manipulation,8,non_holder,0.09916879135230468,0.07444073259830475,0.007382197771221399,0.8630708456039429
33,20,Manipulation,9,non_holder,0.024786500486949116,0.059315238147974014,0.0014702171320095658,0.9004364013671875
33,20,Manipulation,10,non_holder,0.035486358448497346,0.13671238720417023,0.004851425066590309,0.9712080359458923
33,20,Manipulation,11,non_holder,0.03317718715496144,0.05764834210276604,0.0019126099068671465,0.9241802096366882
33,20,Manipulation,12,non_holder,0.01581073073993011,0.06288137286901474,0.000994200468994677,0.9779071807861328
33,20,Manipulation,13,holder,0.039270329776635936,0.11929775029420853,0.004684861749410629,-0.9479196667671204
33,20,Manipulation,14,non_holder,0.04655596287094407,0.09321228414773941,0.00433958787471056,0.9658602476119995
33,20,Replay,0,non_holder,0.17920750543457536,0.1997406929731369,0.03579503297805786,0.889602780342102
33,20,Replay,1,holder,0.033765990953071506,0.10472454875707626,0.003536128206178546,-0.8276782631874084
33,20,Replay,2,non_holder,0.027715636601085895,0.11267368495464325,0.0031228228472173214,0.9615091681480408
33,20,Replay,3,non_holder,0.08175443067881731,0.10457802563905716,0.00854971632361412,0.9259464740753174
33,20,Replay,4,holder,0.06399450821860342,0.14991411566734314,0.009593679569661617,-0.6621734499931335
33,20,Replay,5,non_holder,0.052472836425095884,0.12368737906217575,0.0064902277663350105,0.9720537662506104
33,20,Replay,6,non_holder,0.2406300665729666,0.3636830151081085,0.08751305937767029,0.9654998183250427
33,20,Replay,7,non_holder,0.026203164285561475,0.08093056082725525,0.0021206368692219257,0.9619770646095276
33,20,Replay,8,non_holder,0.09916879135230468,0.11191926896572113,0.011098898947238922,0.9145494103431702
33,20,Replay,9,non_holder,0.024786500486949116,0.06988514959812164,0.001732208183966577,0.926715075969696
33,20,Replay,10,holder,0.035486358448497346,0.09753800183534622,0.003461268497630954,-0.82155841588974
33,20,Replay,11,non_holder,0.03317718715496144,0.07475448399782181,0.002480143215507269,0.9186936020851135
33,20,Replay,12,non_holder,0.01581073073993011,0.06360119581222534,0.0010055814636871219,0.9566126465797424
33,20,Replay,13,non_holder,0.039270329776635936,0.14059101045131683,0.005521055776625872,0.9489465951919556
33,20,Replay,14,non_holder,0.04655596287094407,0.09104800969362259,0.004238827619701624,0.9477991461753845
33,30,Manipulation,0,non_holder,0.17920750543457536,0.1504417359828949,0.026960289105772972,0.9013566374778748
33,30,Manipulation,1,non_holder,0.033765990953071506,0.0997534990310669,0.0033682757057249546,0.9157047271728516
33,30,Manipulation,2,holder,0.027715636601085895,0.08455725014209747,0.002343558007851243,-0.8597860336303711
33,30,Manipulation,3,non_holder,0.08175443067881731,0.07149141281843185,0.005844739731401205,0.9082945585250854
33,30,Manipulation,4,non_holder,0.06399450821860342,0.17067851126194,0.010922486893832684,0.9306831359863281
33,30,Manipulation,5,non_holder,0.052472836425095884,0.11283509433269501,0.005920777563005686,0.9574617147445679
33,30,Manipulation,6,non_holder,0.2406300665729666,0.322037935256958,0.07749199867248535,0.9802788496017456
33,30,Manipulation,7,non_holder,0.026203164285561475,0.06200162693858147,0.0016246387967839837,0.9406903386116028
33,30,Manipulation,8,non_holder,0.09916879135230468,0.050175003707408905,0.004975794814527035,0.7666531205177307
33,30,Manipulation,9,non_holder,0.024786500486949116,0.04510132968425751,0.001117904088459909,0.8446815013885498
33,30,Manipulation,10,non_holder,0.035486358448497346,0.12961825728416443,0.0045996797271072865,0.9563249349594116
33,30,Manipulation,11,non_holder,0.03317718715496144,0.05399450659751892,0.0017913858173415065,0.8351443409919739
33,30,Manipulation,12,non_holder,0.01581073073993011,0.05066719278693199,0.0008010853198356926,0.9506997466087341
33,30,Manipulation,13,holder,0.039270329776635936,0.111729197204113,0.004387642722576857,-0.9310232996940613
33,30,Manipulation,14,non_holder,0.04655596287094407,0.07611563056707382,0.0035436362959444523,0.9395531415939331
33,30,Replay,0,non_holder,0.17920750543457536,0.22295525670051575,0.0399552546441555,0.9372554421424866
33,30,Replay,1,holder,0.033765990953071506,0.09214503318071365,0.0031113685108721256,-0.7739656567573547
33,30,Replay,2,non_holder,0.027715636601085895,0.10600946843624115,0.0029381196945905685,0.9345353841781616
33,30,Replay,3,non_holder,0.08175443067881731,0.09262298792600632,0.0075723398476839066,0.9008146524429321
33,30,Replay,4,holder,0.06399450821860342,0.1479281485080719,0.009466588497161865,-0.5095396041870117
33,30,Replay,5,non_holder,0.052472836425095884,0.12433653324842453,0.006524290423840284,0.9289965033531189
33,30,Replay,6,non_holder,0.2406300665729666,0.31626254320144653,0.07610227912664413,0.9730362892150879
33,30,Replay,7,non_holder,0.026203164285561475,0.07266709208488464,0.0019041078630834818,0.9280828833580017
33,30,Replay,8,non_holder,0.09916879135230468,0.08414143323898315,0.008344203233718872,0.8031286001205444
33,30,Replay,9,non_holder,0.024786500486949116,0.05797563120722771,0.0014370130375027657,0.8931225538253784
33,30,Replay,10,holder,0.035486358448497346,0.10147801786661148,0.0036010851617902517,-0.6710212230682373
33,30,Replay,11,non_holder,0.03317718715496144,0.06927400827407837,0.0022983166854828596,0.8790165185928345
33,30,Replay,12,non_holder,0.01581073073993011,0.0568866990506649,0.0008994202362373471,0.9330148696899414
33,30,Replay,13,non_holder,0.039270329776635936,0.13116483390331268,0.005150886252522469,0.9234297871589661
33,30,Replay,14,non_holder,0.04655596287094407,0.08805133402347565,0.004099314101040363,0.920136034488678
33,45,Manipulation,0,non_holder,0.17920750543457536,0.10608238726854324,0.0190107598900795,0.8824226260185242
33,45,Manipulation,1,non_holder,0.033765990953071506,0.0865219235420227,0.002921498380601406,0.9183785915374756
33,45,Manipulation,2,holder,0.027715636601085895,0.07628940790891647,0.0021144093479961157,-0.8173625469207764
33,45,Manipulation,3,non_holder,0.08175443067881731,0.06061173230409622,0.004955277778208256,0.9227083921432495
33,45,Manipulation,4,non_holder,0.06399450821860342,0.15149374306201935,0.00969476718455553,0.9413756132125854
33,45,Manipulation,5,non_holder,0.052472836425095884,0.11214645951986313,0.0058846427127718925,0.9691789150238037
33,45,Manipulation,6,non_holder,0.2406300665729666,0.28005293011665344,0.06738915294408798,0.9828797578811646
33,45,Manipulation,7,non_holder,0.026203164285561475,0.05925430357456207,0.0015526501229032874,0.952252209186554
33,45,Manipulation,8,non_holder,0.09916879135230468,0.03514878451824188,0.003485662629827857,0.8009722828865051
33,45,Manipulation,9,non_holder,0.024786500486949116,0.036624252796173096,0.0009077870054170489,0.8155794143676758
33,45,Manipulation,10,non_holder,0.035486358448497346,0.11612537503242493,0.004120866768062115,0.9691224694252014
33,45,Manipulation,11,non_holder,0.03317718715496144,0.042398739606142044,0.001406670780852437,0.8245157599449158
33,45,Manipulation,12,non_holder,0.01581073073993011,0.04541497677564621,0.0007180440006777644,0.9435986280441284
33,45,Manipulation,13,holder,0.039270329776635936,0.09880092740058899,0.0038799450267106295,-0.9468078017234802
33,45,Manipulation,14,non_holder,0.04655596287094407,0.06408075243234634,0.0029833412263542414,0.940311849117279
33,45,Replay,0,non_holder,0.17920750543457536,0.170319065451622,0.030522454530000687,0.8948825597763062
33,45,Replay,1,holder,0.033765990953071506,0.08078526705503464,0.0027277946937829256,-0.7884671092033386
33,45,Replay,2,non_holder,0.027715636601085895,0.09370870143175125,0.0025971964932978153,0.9647775888442993
33,45,Replay,3,non_holder,0.08175443067881731,0.07026462256908417,0.005744444206357002,0.9164813160896301
33,45,Replay,4,holder,0.06399450821860342,0.12319770455360413,0.00788397528231144,-0.5346047878265381
33,45,Replay,5,non_holder,0.052472836425095884,0.130479097366333,0.006846608594059944,0.9649525880813599
33,45,Replay,6,non_holder,0.2406300665729666,0.27369916439056396,0.06586024910211563,0.967412531375885
33,45,Replay,7,non_holder,0.026203164285561475,0.06573019921779633,0.0017223393078893423,0.9465847015380859
33,45,Replay,8,non_holder,0.09916879135230468,0.06156874820590019,0.006105698645114899,0.760890781879425
33,45,Replay,9,non_holder,0.024786500486949116,0.04414528235793114,0.0010942070512101054,0.7851644158363342
33,45,Replay,10,holder,0.035486358448497346,0.09193514287471771,0.0032624434679746628,-0.5800883173942566
33,45,Replay,11,non_holder,0.03317718715496144,0.05478324741125107,0.0018175540026277304,0.7897700071334839
33,45,Replay,12,non_holder,0.01581073073993011,0.05342786759138107,0.0008447336731478572,0.9455445408821106
33,45,Replay,13,non_holder,0.039270329776635936,0.11073771119117737,0.00434870645403862,0.9300047755241394
33,45,Replay,14,non_holder,0.04655596287094407,0.09119273722171783,0.004245565738528967,0.9311686158180237
44,1,Manipulation,0,non_holder,0.17920750543457536,0.36042776703834534,0.06459136307239532,0.9431280493736267
44,1,Manipulation,1,non_holder,0.033765990953071506,0.13530540466308594,0.004568720702081919,0.9649361371994019
44,1,Manipulation,2,holder,0.027715636601085895,0.09475544095039368,0.002626207424327731,-0.539546549320221
44,1,Manipulation,3,non_holder,0.08175443067881731,0.2714042663574219,0.022188499569892883,0.9683799147605896
44,1,Manipulation,4,non_holder,0.06399450821860342,0.2502869963645935,0.016016991809010506,0.9760593771934509
44,1,Manipulation,5,non_holder,0.052472836425095884,0.21808528900146484,0.011443553492426872,0.9747336506843567
44,1,Manipulation,6,non_holder,0.2406300665729666,0.40922823548316956,0.09847261011600494,0.9753541350364685
44,1,Manipulation,7,non_holder,0.026203164285561475,0.1074381172657013,0.002815218875184655,0.9752079248428345
44,1,Manipulation,8,non_holder,0.09916879135230468,0.28687018156051636,0.028448568657040596,0.9630469083786011
44,1,Manipulation,9,non_holder,0.024786500486949116,0.1050005704164505,0.002602596767246723,0.9857797026634216
44,1,Manipulation,10,non_holder,0.035486358448497346,0.14132404327392578,0.005015076138079166,0.9654006361961365
44,1,Manipulation,11,non_holder,0.03317718715496144,0.12521125376224518,0.004154156893491745,0.9612694978713989
44,1,Manipulation,12,non_holder,0.01581073073993011,0.06902437657117844,0.0010913257719948888,0.9788171648979187
44,1,Manipulation,13,holder,0.039270329776635936,0.13274414837360382,0.005212906748056412,-0.7683818936347961
44,1,Manipulation,14,non_holder,0.04655596287094407,0.18039816617965698,0.008398610167205334,0.9742074012756348
44,1,Replay,0,non_holder,0.17920750543457536,0.4000769555568695,0.07169678807258606,0.940747857093811
44,1,Replay,1,holder,0.033765990953071506,0.12187844514846802,0.0041153463535010815,-0.7271363139152527
44,1,Replay,2,non_holder,0.027715636601085895,0.11363198608160019,0.0031493825372308493,0.9666274189949036
44,1,Replay,3,non_holder,0.08175443067881731,0.284167617559433,0.023231960833072662,0.962539553642273
44,1,Replay,4,holder,0.06399450821860342,0.18532264232635498,0.011859631165862083,-0.13849936425685883
44,1,Replay,5,non_holder,0.052472836425095884,0.22189705073833466,0.011643567122519016,0.9698204398155212
44,1,Replay,6,non_holder,0.2406300665729666,0.47823792695999146,0.11507841944694519,0.9755847454071045
44,1,Replay,7,non_holder,0.026203164285561475,0.10784544050693512,0.0028258918318897486,0.9691462516784668
44,1,Replay,8,non_holder,0.09916879135230468,0.30778467655181885,0.030522633343935013,0.9579206705093384
44,1,Replay,9,non_holder,0.024786500486949116,0.10505454242229462,0.0026039346121251583,0.9813944697380066
44,1,Replay,10,holder,0.035486358448497346,0.12045370787382126,0.004274463746696711,-0.5476098656654358
44,1,Replay,11,non_holder,0.03317718715496144,0.12573111057281494,0.004171404521912336,0.9578817486763
44,1,Replay,12,non_holder,0.01581073073993011,0.06897132843732834,0.0010904869996011257,0.973734438419342
44,1,Replay,13,non_holder,0.039270329776635936,0.1562015414237976,0.006134085822850466,0.9599236249923706
44,1,Replay,14,non_holder,0.04655596287094407,0.18356938660144806,0.008546249940991402,0.9689666032791138
44,5,Manipulation,0,non_holder,0.17920750543457536,0.2276797741651535,0.04080192372202873,0.9354330897331238
44,5,Manipulation,1,non_holder,0.033765990953071506,0.13275453448295593,0.004482588265091181,0.963986337184906
44,5,Manipulation,2,holder,0.027715636601085895,0.10915827006101608,0.003025390673428774,-0.9092475771903992
44,5,Manipulation,3,non_holder,0.08175443067881731,0.16012749075889587,0.013091132044792175,0.9737440943717957
44,5,Manipulation,4,non_holder,0.06399450821860342,0.22244584560394287,0.01423531211912632,0.9754796028137207
44,5,Manipulation,5,non_holder,0.052472836425095884,0.15981580317020416,0.008385988883674145,0.9891104698181152
44,5,Manipulation,6,non_holder,0.2406300665729666,0.34351587295532227,0.0826602429151535,0.9867979884147644
44,5,Manipulation,7,non_holder,0.026203164285561475,0.09297733753919601,0.0024363005068153143,0.983408510684967
44,5,Manipulation,8,non_holder,0.09916879135230468,0.12693928182125092,0.012588415294885635,0.981044352054596
44,5,Manipulation,9,non_holder,0.024786500486949116,0.07862566411495209,0.001948854885995388,0.9742110967636108
44,5,Manipulation,10,non_holder,0.035486358448497346,0.14248567819595337,0.005056297872215509,0.9597230553627014
44,5,Manipulation,11,non_holder,0.03317718715496144,0.09393240511417389,0.0031164127867668867,0.9637631177902222
44,5,Manipulation,12,non_holder,0.01581073073993011,0.0691177025437355,0.0010928012197837234,0.9829688668251038
44,5,Manipulation,13,holder,0.039270329776635936,0.14208635687828064,0.005579777993261814,-0.8933491706848145
44,5,Manipulation,14,non_holder,0.04655596287094407,0.10867448896169662,0.00505944574251771,0.9702832698822021
44,5,Replay,0,non_holder,0.17920750543457536,0.22860294580459595,0.040967363864183426,0.9576432704925537
44,5,Replay,1,holder,0.033765990953071506,0.12239791452884674,0.004132886882871389,-0.9104970097541809
44,5,Replay,2,non_holder,0.027715636601085895,0.11794714629650116,0.003268980188295245,0.9660289883613586
44,5,Replay,3,non_holder,0.08175443067881731,0.15278160572052002,0.012490573339164257,0.9603117108345032
44,5,Replay,4,holder,0.06399450821860342,0.16570496559143066,0.01060420647263527,-0.8036786913871765
44,5,Replay,5,non_holder,0.052472836425095884,0.15551190078258514,0.008160149678587914,0.9797725081443787
44,5,Replay,6,non_holder,0.2406300665729666,0.3181152045726776,0.07654807716608047,0.9821581244468689
44,5,Replay,7,non_holder,0.026203164285561475,0.0930975005030632,0.0024394490756094456,0.9675434231758118
44,5,Replay,8,non_holder,0.09916879135230468,0.12594063580036163,0.012489380314946175,0.9668936133384705
44,5,Replay,9,non_holder,0.024786500486949116,0.08238272368907928,0.0020419794600456953,0.9561753869056702
44,5,Replay,10,holder,0.035486358448497346,0.12269451469182968,0.004353981930762529,-0.8536947965621948
44,5,Replay,11,non_holder,0.03317718715496144,0.09450393915176392,0.0031353747472167015,0.9504416584968567
44,5,Replay,12,non_holder,0.01581073073993011,0.06875915825366974,0.0010871324921026826,0.9678915143013
44,5,Replay,13,non_holder,0.039270329776635936,0.16236044466495514,0.006375948432832956,0.9608448147773743
44,5,Replay,14,non_holder,0.04655596287094407,0.11157501488924026,0.005194482393562794,0.9514951705932617
44,10,Manipulation,0,non_holder,0.17920750543457536,0.2985196113586426,0.05349695309996605,0.9287902116775513
44,10,Manipulation,1,non_holder,0.033765990953071506,0.1288706362247467,0.004351445008069277,0.9319238662719727
44,10,Manipulation,2,holder,0.027715636601085895,0.10404597222805023,0.0028837004210799932,-0.9377057552337646
44,10,Manipulation,3,non_holder,0.08175443067881731,0.11688652634620667,0.009555990807712078,0.9570333957672119
44,10,Manipulation,4,non_holder,0.06399450821860342,0.22475595772266388,0.014383146539330482,0.9351290464401245
44,10,Manipulation,5,non_holder,0.052472836425095884,0.14027409255504608,0.007360579911619425,0.9792945384979248
44,10,Manipulation,6,non_holder,0.2406300665729666,0.3957585096359253,0.09523138403892517,0.9843772053718567
44,10,Manipulation,7,non_holder,0.026203164285561475,0.08587013930082321,0.0022500695195049047,0.9612396359443665
44,10,Manipulation,8,non_holder,0.09916879135230468,0.1177596002817154,0.011678078211843967,0.9445616006851196
44,10,Manipulation,9,non_holder,0.024786500486949116,0.07529261708259583,0.00186624052003026,0.9620513319969177
44,10,Manipulation,10,non_holder,0.035486358448497346,0.14769020676612854,0.005240987986326218,0.945539653301239
44,10,Manipulation,11,non_holder,0.03317718715496144,0.08225811272859573,0.002729092724621296,0.9508287906646729
44,10,Manipulation,12,non_holder,0.01581073073993011,0.06571362912654877,0.0010389805538579822,0.9668866991996765
44,10,Manipulation,13,holder,0.039270329776635936,0.1289847046136856,0.005065271630883217,-0.9221678376197815
44,10,Manipulation,14,non_holder,0.04655596287094407,0.09999678283929825,0.004655446391552687,0.9492542743682861
44,10,Replay,0,non_holder,0.17920750543457536,0.2688423991203308,0.048178575932979584,0.932365357875824
44,10,Replay,1,holder,0.033765990953071506,0.11684509366750717,0.003945390228182077,-0.8740730285644531
44,10,Replay,2,non_holder,0.027715636601085895,0.11850952357053757,0.00328456680290401,0.9356468915939331
44,10,Replay,3,non_holder,0.08175443067881731,0.12165558338165283,0.0099458834156394,0.9416824579238892
44,10,Replay,4,holder,0.06399450821860342,0.1811845302581787,0.01159481331706047,-0.7305678725242615
44,10,Replay,5,non_holder,0.052472836425095884,0.13373558223247528,0.007017485331743956,0.9719648957252502
44,10,Replay,6,non_holder,0.2406300665729666,0.3560819923877716,0.08568403124809265,0.9806309342384338
44,10,Replay,7,non_holder,0.026203164285561475,0.08685620874166489,0.0022759074345231056,0.9345773458480835
44,10,Replay,8,non_holder,0.09916879135230468,0.13524377346038818,0.013411962427198887,0.9276872873306274
44,10,Replay,9,non_holder,0.024786500486949116,0.07932095229625702,0.001966088777408004,0.9403299689292908
44,10,Replay,10,holder,0.035486358448497346,0.11832710355520248,0.004198998212814331,-0.8369133472442627
44,10,Replay,11,non_holder,0.03317718715496144,0.09314128756523132,0.003090165788307786,0.9269983172416687
44,10,Replay,12,non_holder,0.01581073073993011,0.06523860991001129,0.0010314701357856393,0.9490848183631897
44,10,Replay,13,non_holder,0.039270329776635936,0.15817750990390778,0.006211682688444853,0.9249242544174194
44,10,Replay,14,non_holder,0.04655596287094407,0.1073421984910965,0.0049974191933870316,0.9162933826446533
44,20,Manipulation,0,non_holder,0.17920750543457536,0.19309046864509583,0.03460326045751572,0.9443500638008118
44,20,Manipulation,1,non_holder,0.033765990953071506,0.1137465089559555,0.0038407633546739817,0.9305213689804077
44,20,Manipulation,2,holder,0.027715636601085895,0.09579607099294662,0.002655048854649067,-0.9283743500709534
44,20,Manipulation,3,non_holder,0.08175443067881731,0.08472375571727753,0.0069265421479940414,0.9423388242721558
44,20,Manipulation,4,non_holder,0.06399450821860342,0.21174584329128265,0.013550570234656334,0.9348942041397095
44,20,Manipulation,5,non_holder,0.052472836425095884,0.11470606178045273,0.006018952466547489,0.960391640663147
44,20,Manipulation,6,non_holder,0.2406300665729666,0.2695152163505554,0.06485345959663391,0.9682533144950867
44,20,Manipulation,7,non_holder,0.026203164285561475,0.07717239856719971,0.0020221611484885216,0.9406038522720337
44,20,Manipulation,8,non_holder,0.09916879135230468,0.042256321758031845,0.004190508276224136,0.8049561977386475
44,20,Manipulation,9,non_holder,0.024786500486949116,0.05126633867621422,0.0012707130517810583,0.8638777136802673
44,20,Manipulation,10,non_holder,0.035486358448497346,0.14183464646339417,0.005033195484429598,0.9570926427841187
44,20,Manipulation,11,non_holder,0.03317718715496144,0.048513490706682205,0.0016095410101115704,0.8988966345787048
44,20,Manipulation,12,non_holder,0.01581073073993011,0.05986618623137474,0.0009465281036682427,0.9472233653068542
44,20,Manipulation,13,holder,0.039270329776635936,0.1179836168885231,0.004633255302906036,-0.9313036799430847
44,20,Manipulation,14,non_holder,0.04655596287094407,0.07706224918365479,0.0035877074114978313,0.9319908022880554
44,20,Replay,0,non_holder,0.17920750543457536,0.21934179961681366,0.039307694882154465,0.924030601978302
44,20,Replay,1,holder,0.033765990953071506,0.10538686066865921,0.0035584915895015,-0.7899045944213867
44,20,Replay,2,non_holder,0.027715636601085895,0.11611538380384445,0.003218211932107806,0.9461488127708435
44,20,Replay,3,non_holder,0.08175443067881731,0.09762152284383774,0.007980993017554283,0.9476945996284485
44,20,Replay,4,holder,0.06399450821860342,0.15764711797237396,0.010088548995554447,-0.7155783176422119
44,20,Replay,5,non_holder,0.052472836425095884,0.12330598384141922,0.0064702145755290985,0.9461780786514282
44,20,Replay,6,non_holder,0.2406300665729666,0.3045966327190399,0.07329509407281876,0.9727445244789124
44,20,Replay,7,non_holder,0.026203164285561475,0.07921736687421799,0.0020757457241415977,0.9485387206077576
44,20,Replay,8,non_holder,0.09916879135230468,0.09795322269201279,0.009713903069496155,0.9063099026679993
44,20,Replay,9,non_holder,0.024786500486949116,0.07250154763460159,0.0017970596672967076,0.9327563047409058
44,20,Replay,10,holder,0.035486358448497346,0.11001056432723999,0.0039038744289427996,-0.8730989694595337
44,20,Replay,11,non_holder,0.03317718715496144,0.08283445239067078,0.00274821394123137,0.9197016954421997
44,20,Replay,12,non_holder,0.01581073073993011,0.06031607463955879,0.0009536411962471902,0.9485650658607483
44,20,Replay,13,non_holder,0.039270329776635936,0.14615267515182495,0.005739463493227959,0.9228547215461731
44,20,Replay,14,non_holder,0.04655596287094407,0.09183693677186966,0.004275557119399309,0.9316748380661011
44,30,Manipulation,0,non_holder,0.17920750543457536,0.1857975870370865,0.03329632058739662,0.9460733532905579
44,30,Manipulation,1,non_holder,0.033765990953071506,0.09624898433685303,0.003249942557886243,0.9260212779045105
44,30,Manipulation,2,holder,0.027715636601085895,0.08742666989564896,0.0024230859708040953,-0.8607622981071472
44,30,Manipulation,3,non_holder,0.08175443067881731,0.06724406033754349,0.00549750030040741,0.9341219067573547
44,30,Manipulation,4,non_holder,0.06399450821860342,0.17246723175048828,0.011036954820156097,0.9424625039100647
44,30,Manipulation,5,non_holder,0.052472836425095884,0.09863775223493576,0.005175802856683731,0.9593385457992554
44,30,Manipulation,6,non_holder,0.2406300665729666,0.22775837779045105,0.054805513471364975,0.9799034595489502
44,30,Manipulation,7,non_holder,0.026203164285561475,0.06442272663116455,0.0016880793264135718,0.9351896047592163
44,30,Manipulation,8,non_holder,0.09916879135230468,0.024292562156915665,0.0024090639781206846,0.8382499814033508
44,30,Manipulation,9,non_holder,0.024786500486949116,0.03599923849105835,0.0008922950946725905,0.9060586094856262
44,30,Manipulation,10,non_holder,0.035486358448497346,0.12479747086763382,0.004428607877343893,0.9496385455131531
44,30,Manipulation,11,non_holder,0.03317718715496144,0.033133331686258316,0.0010992706520482898,0.8835108876228333
44,30,Manipulation,12,non_holder,0.01581073073993011,0.051877040416002274,0.0008202139288187027,0.9503507018089294
44,30,Manipulation,13,holder,0.039270329776635936,0.11029467731714249,0.004331308417022228,-0.9465265274047852
44,30,Manipulation,14,non_holder,0.04655596287094407,0.0661972388625145,0.0030818763189017773,0.9435818791389465
44,30,Replay,0,non_holder,0.17920750543457536,0.22365140914916992,0.04008001461625099,0.9453883767127991
44,30,Replay,1,holder,0.033765990953071506,0.0928458720445633,0.003135032719001174,-0.8685441613197327
44,30,Replay,2,non_holder,0.027715636601085895,0.10865049064159393,0.0030113174580037594,0.9387019276618958
44,30,Replay,3,non_holder,0.08175443067881731,0.08517679572105408,0.006963579915463924,0.9357286095619202
44,30,Replay,4,holder,0.06399450821860342,0.127915158867836,0.008185867220163345,-0.7825015783309937
44,30,Replay,5,non_holder,0.052472836425095884,0.12723031640052795,0.006676136050373316,0.9466432929039001
44,30,Replay,6,non_holder,0.2406300665729666,0.29323625564575195,0.07056146115064621,0.9787341356277466
44,30,Replay,7,non_holder,0.026203164285561475,0.07145845144987106,0.0018724374240264297,0.9418888092041016
44,30,Replay,8,non_holder,0.09916879135230468,0.06732482463121414,0.006676521617919207,0.8962000012397766
44,30,Replay,9,non_holder,0.024786500486949116,0.053128842264413834,0.0013168780133128166,0.9369227886199951
44,30,Replay,10,holder,0.035486358448497346,0.10230647772550583,0.003630484454333782,-0.7256448268890381
44,30,Replay,11,non_holder,0.03317718715496144,0.06184491515159607,0.002051840303465724,0.922023594379425
44,30,Replay,12,non_holder,0.01581073073993011,0.05952591821551323,0.0009411482024006546,0.9455589652061462
44,30,Replay,13,non_holder,0.039270329776635936,0.13452021777629852,0.005282653495669365,0.9282899498939514
44,30,Replay,14,non_holder,0.04655596287094407,0.08107155561447144,0.003774364246055484,0.9298025965690613
44,45,Manipulation,0,non_holder,0.17920750543457536,0.15167951583862305,0.02718210779130459,0.9129456877708435
44,45,Manipulation,1,non_holder,0.033765990953071506,0.08552467823028564,0.002887825481593609,0.8917878866195679
44,45,Manipulation,2,holder,0.027715636601085895,0.0845951959490776,0.0023446097038686275,-0.7793053984642029
44,45,Manipulation,3,non_holder,0.08175443067881731,0.06052836403250694,0.004948461893945932,0.8834322690963745
44,45,Manipulation,4,non_holder,0.06399450821860342,0.15612541139125824,0.009991168044507504,0.9318405985832214
44,45,Manipulation,5,non_holder,0.052472836425095884,0.09719299525022507,0.005099991802126169,0.9175136089324951
44,45,Manipulation,6,non_holder,0.2406300665729666,0.21822156012058258,0.052510667592287064,0.9607821106910706
44,45,Manipulation,7,non_holder,0.026203164285561475,0.05983549356460571,0.0015678793424740434,0.904059112071991
44,45,Manipulation,8,non_holder,0.09916879135230468,0.019068915396928787,0.0018910414073616266,0.7703773975372314
44,45,Manipulation,9,non_holder,0.024786500486949116,0.017909055575728416,0.0004439028271008283,0.8195969462394714
44,45,Manipulation,10,non_holder,0.035486358448497346,0.11699473857879639,0.00415171729400754,0.9399105906486511
44,45,Manipulation,11,non_holder,0.03317718715496144,0.017687959596514702,0.0005868367152288556,0.809601902961731
44,45,Manipulation,12,non_holder,0.01581073073993011,0.04964084178209305,0.0007848580135032535,0.9125556349754333
44,45,Manipulation,13,holder,0.039270329776635936,0.10413205623626709,0.00408930005505681,-0.8809423446655273
44,45,Manipulation,14,non_holder,0.04655596287094407,0.059756018221378326,0.0027819988317787647,0.8924850225448608
44,45,Replay,0,non_holder,0.17920750543457536,0.21874597668647766,0.03920092061161995,0.9134891033172607
44,45,Replay,1,holder,0.033765990953071506,0.0834377259016037,0.002817357424646616,-0.7512381672859192
44,45,Replay,2,non_holder,0.027715636601085895,0.10315605252981186,0.0028590357396751642,0.9339845180511475
44,45,Replay,3,non_holder,0.08175443067881731,0.08129992336034775,0.006646628957241774,0.9180005788803101
44,45,Replay,4,holder,0.06399450821860342,0.12400709837675095,0.007935772649943829,-0.5404585003852844
44,45,Replay,5,non_holder,0.052472836425095884,0.11501775681972504,0.006035307887941599,0.9204291105270386
44,45,Replay,6,non_holder,0.2406300665729666,0.28069859743118286,0.06754451990127563,0.9573347568511963
44,45,Replay,7,non_holder,0.026203164285561475,0.06468336284160614,0.001694908831268549,0.9229661226272583
44,45,Replay,8,non_holder,0.09916879135230468,0.039233069866895676,0.003890695981681347,0.8059592843055725
44,45,Replay,9,non_holder,0.024786500486949116,0.041981324553489685,0.0010405699722468853,0.8558869957923889
44,45,Replay,10,holder,0.035486358448497346,0.09084535390138626,0.0032237707637250423,-0.649055004119873
44,45,Replay,11,non_holder,0.03317718715496144,0.05185490846633911,0.0017203999450430274,0.8353562355041504
44,45,Replay,12,non_holder,0.01581073073993011,0.05601545795798302,0.0008856453350745142,0.9085225462913513
44,45,Replay,13,non_holder,0.039270329776635936,0.12252078205347061,0.004811431281268597,0.8994123935699463
44,45,Replay,14,non_holder,0.04655596287094407,0.06480921804904938,0.0030172555707395077,0.908158540725708
55,1,Manipulation,0,non_holder,0.17920750543457536,0.35958051681518555,0.06443952769041061,0.964569091796875
55,1,Manipulation,1,non_holder,0.033765990953071506,0.13092753291130066,0.004420897923409939,0.9609174132347107
55,1,Manipulation,2,holder,0.027715636601085895,0.09922457486391068,0.0027500721625983715,-0.47801896929740906
55,1,Manipulation,3,non_holder,0.08175443067881731,0.27675947546958923,0.02262631431221962,0.9542788863182068
55,1,Manipulation,4,non_holder,0.06399450821860342,0.24804705381393433,0.01587364822626114,0.9482797980308533
55,1,Manipulation,5,non_holder,0.052472836425095884,0.2105657309293747,0.011048980988562107,0.9652403593063354
55,1,Manipulation,6,non_holder,0.2406300665729666,0.46176281571388245,0.1111140102148056,0.979028046131134
55,1,Manipulation,7,non_holder,0.026203164285561475,0.10747630149126053,0.002816219115629792,0.9728519916534424
55,1,Manipulation,8,non_holder,0.09916879135230468,0.3023013472557068,0.029978860169649124,0.9751294851303101
55,1,Manipulation,9,non_holder,0.024786500486949116,0.10758096724748611,0.002666555577889085,0.9852510690689087
55,1,Manipulation,10,non_holder,0.035486358448497346,0.14005617797374725,0.004970083944499493,0.9477787017822266
55,1,Manipulation,11,non_holder,0.03317718715496144,0.12930455803871155,0.0042899614199995995,0.9701669812202454
55,1,Manipulation,12,non_holder,0.01581073073993011,0.06696239113807678,0.0010587242431938648,0.9686011672019958
55,1,Manipulation,13,holder,0.039270329776635936,0.14319902658462524,0.005623473320156336,-0.7549160718917847
55,1,Manipulation,14,non_holder,0.04655596287094407,0.1852741837501526,0.008625617250800133,0.9670534729957581
55,1,Replay,0,non_holder,0.17920750543457536,0.3314785361289978,0.0594034381210804,0.9619522094726562
55,1,Replay,1,holder,0.033765990953071506,0.10978643596172333,0.0037070477847009897,-0.6827108860015869
55,1,Replay,2,non_holder,0.027715636601085895,0.11232857406139374,0.0031132579315453768,0.9551228880882263
55,1,Replay,3,non_holder,0.08175443067881731,0.2514675557613373,0.020558588206768036,0.9514400362968445
55,1,Replay,4,holder,0.06399450821860342,0.187874898314476,0.012022960931062698,-0.1608244627714157
55,1,Replay,5,non_holder,0.052472836425095884,0.2063436657190323,0.010827437974512577,0.9594019055366516
55,1,Replay,6,non_holder,0.2406300665729666,0.39828038215637207,0.09583822637796402,0.9827245473861694
55,1,Replay,7,non_holder,0.026203164285561475,0.10681668668985367,0.0027989353984594345,0.9631979465484619
55,1,Replay,8,non_holder,0.09916879135230468,0.27643656730651855,0.027413880452513695,0.9723476767539978
55,1,Replay,9,non_holder,0.024786500486949116,0.10668937861919403,0.002644456224516034,0.9780815243721008
55,1,Replay,10,holder,0.035486358448497346,0.12204230576753616,0.004330837167799473,-0.6641575694084167
55,1,Replay,11,non_holder,0.03317718715496144,0.12915365397930145,0.004284955095499754,0.9632145762443542
55,1,Replay,12,non_holder,0.01581073073993011,0.06698291003704071,0.0010590486926957965,0.9601975679397583
55,1,Replay,13,non_holder,0.039270329776635936,0.15668845176696777,0.0061532072722911835,0.9588188529014587
55,1,Replay,14,non_holder,0.04655596287094407,0.1808808594942093,0.00842108204960823,0.9622042775154114
55,5,Manipulation,0,non_holder,0.17920750543457536,0.22057777643203735,0.03952919319272041,0.9574923515319824
55,5,Manipulation,1,non_holder,0.033765990953071506,0.13683247566223145,0.004620284307748079,0.9676882028579712
55,5,Manipulation,2,holder,0.027715636601085895,0.1086130440235138,0.0030102794989943504,-0.9337291121482849
55,5,Manipulation,3,non_holder,0.08175443067881731,0.1547154039144516,0.012648670002818108,0.9741271734237671
55,5,Manipulation,4,non_holder,0.06399450821860342,0.22708939015865326,0.014532472938299179,0.9642617106437683
55,5,Manipulation,5,non_holder,0.052472836425095884,0.13796693086624146,0.007239515893161297,0.9899934530258179
55,5,Manipulation,6,non_holder,0.2406300665729666,0.3382183909416199,0.08138551563024521,0.9840998649597168
55,5,Manipulation,7,non_holder,0.026203164285561475,0.093230240046978,0.0024429273325949907,0.9891626834869385
55,5,Manipulation,8,non_holder,0.09916879135230468,0.1324564814567566,0.013135549612343311,0.9768679738044739
55,5,Manipulation,9,non_holder,0.024786500486949116,0.08343930542469025,0.0020681682508438826,0.9823166131973267
55,5,Manipulation,10,non_holder,0.035486358448497346,0.1475970596075058,0.005237682722508907,0.971145749092102
55,5,Manipulation,11,non_holder,0.03317718715496144,0.10007423162460327,0.0033201812766492367,0.9733989238739014
55,5,Manipulation,12,non_holder,0.01581073073993011,0.06584683805704117,0.001041086739860475,0.9863219261169434
55,5,Manipulation,13,holder,0.039270329776635936,0.13805167376995087,0.005421334411948919,-0.9401182532310486
55,5,Manipulation,14,non_holder,0.04655596287094407,0.11749939620494843,0.005470297299325466,0.9750577807426453
55,5,Replay,0,non_holder,0.17920750543457536,0.24449965357780457,0.04381617158651352,0.9628851413726807
55,5,Replay,1,holder,0.033765990953071506,0.12378620356321335,0.004179763607680798,-0.9333605170249939
55,5,Replay,2,non_holder,0.027715636601085895,0.12119656056165695,0.003359039779752493,0.9712355136871338
55,5,Replay,3,non_holder,0.08175443067881731,0.14778436720371246,0.012082026340067387,0.9668715596199036
55,5,Replay,4,holder,0.06399450821860342,0.15704204142093658,0.010049828328192234,-0.8800548315048218
55,5,Replay,5,non_holder,0.052472836425095884,0.14973825216293335,0.007857191376388073,0.986592710018158
55,5,Replay,6,non_holder,0.2406300665729666,0.34528130292892456,0.0830850601196289,0.9905951023101807
55,5,Replay,7,non_holder,0.026203164285561475,0.09384546428918839,0.0024590480607002974,0.9833815693855286
55,5,Replay,8,non_holder,0.09916879135230468,0.12908457219600677,0.012801161035895348,0.9706305265426636
55,5,Replay,9,non_holder,0.024786500486949116,0.08025694638490677,0.00198928895406425,0.9699408411979675
55,5,Replay,10,holder,0.035486358448497346,0.12619814276695251,0.004478312563151121,-0.9013650417327881
55,5,Replay,11,non_holder,0.03317718715496144,0.09379910677671432,0.003111990401521325,0.9523856043815613
55,5,Replay,12,non_holder,0.01581073073993011,0.06708014756441116,0.001060586073435843,0.9767013192176819
55,5,Replay,13,non_holder,0.039270329776635936,0.16287167370319366,0.006396024487912655,0.9693527817726135
55,5,Replay,14,non_holder,0.04655596287094407,0.11490491777658463,0.005349508952349424,0.964256763458252
55,10,Manipulation,0,non_holder,0.17920750543457536,0.21638180315494537,0.038777243345975876,0.8935198783874512
55,10,Manipulation,1,non_holder,0.033765990953071506,0.13005304336547852,0.004391369875520468,0.953836977481842
55,10,Manipulation,2,holder,0.027715636601085895,0.10387267172336578,0.002878897124901414,-0.9487658143043518
55,10,Manipulation,3,non_holder,0.08175443067881731,0.1255289763212204,0.010262549854815006,0.9607419371604919
55,10,Manipulation,4,non_holder,0.06399450821860342,0.21178767085075378,0.013553246855735779,0.9484164118766785
55,10,Manipulation,5,non_holder,0.052472836425095884,0.1253773421049118,0.006578905042260885,0.9815489053726196
55,10,Manipulation,6,non_holder,0.2406300665729666,0.34387117624282837,0.0827457383275032,0.9633915424346924
55,10,Manipulation,7,non_holder,0.026203164285561475,0.08872915804386139,0.00232498487457633,0.9756162166595459
55,10,Manipulation,8,non_holder,0.09916879135230468,0.1579638123512268,0.01566508039832115,0.9538748860359192
55,10,Manipulation,9,non_holder,0.024786500486949116,0.07927746325731277,0.0019650107715278864,0.9660248160362244
55,10,Manipulation,10,non_holder,0.035486358448497346,0.14620330929756165,0.005188222974538803,0.9672570824623108
55,10,Manipulation,11,non_holder,0.03317718715496144,0.10469384491443634,0.0034734471701085567,0.9581665396690369
55,10,Manipulation,12,non_holder,0.01581073073993011,0.062416549772024155,0.0009868511697277427,0.9679685831069946
55,10,Manipulation,13,holder,0.039270329776635936,0.13202005624771118,0.005184471607208252,-0.9296509027481079
55,10,Manipulation,14,non_holder,0.04655596287094407,0.11156011372804642,0.005193788558244705,0.9712460041046143
55,10,Replay,0,non_holder,0.17920750543457536,0.21042998135089874,0.037710633128881454,0.9103909134864807
55,10,Replay,1,holder,0.033765990953071506,0.1158706322312355,0.0039124866016209126,-0.9299610257148743
55,10,Replay,2,non_holder,0.027715636601085895,0.11778107285499573,0.003264377359300852,0.9625588655471802
55,10,Replay,3,non_holder,0.08175443067881731,0.11864723265171051,0.009699936956167221,0.952612042427063
55,10,Replay,4,holder,0.06399450821860342,0.1461460292339325,0.009352542459964752,-0.8284359574317932
55,10,Replay,5,non_holder,0.052472836425095884,0.12521593272686005,0.006570435594767332,0.980488657951355
55,10,Replay,6,non_holder,0.2406300665729666,0.3225155174732208,0.0776069387793541,0.9668678045272827
55,10,Replay,7,non_holder,0.026203164285561475,0.08724917471408844,0.0022862046025693417,0.9711925983428955
55,10,Replay,8,non_holder,0.09916879135230468,0.15110233426094055,0.014984636567533016,0.9475365281105042
55,10,Replay,9,non_holder,0.024786500486949116,0.07896485924720764,0.0019572624005377293,0.9597697854042053
55,10,Replay,10,holder,0.035486358448497346,0.11171544343233109,0.003964374307543039,-0.9100856184959412
55,10,Replay,11,non_holder,0.03317718715496144,0.1028592586517334,0.003412580583244562,0.9500741958618164
55,10,Replay,12,non_holder,0.01581073073993011,0.0617835633456707,0.0009768432937562466,0.9634597897529602
55,10,Replay,13,non_holder,0.039270329776635936,0.1608874499797821,0.006318103522062302,0.9530791640281677
55,10,Replay,14,non_holder,0.04655596287094407,0.11092156916856766,0.005164060276001692,0.9669964909553528
55,20,Manipulation,0,non_holder,0.17920750543457536,0.222933828830719,0.03995141759514809,0.9199406504631042
55,20,Manipulation,1,non_holder,0.033765990953071506,0.11412591487169266,0.003853574628010392,0.9399825930595398
55,20,Manipulation,2,holder,0.027715636601085895,0.09624017775058746,0.0026673576794564724,-0.9182112812995911
55,20,Manipulation,3,non_holder,0.08175443067881731,0.08981794118881226,0.00734301470220089,0.9709329009056091
55,20,Manipulation,4,non_holder,0.06399450821860342,0.19021885097026825,0.012172960676252842,0.9379670023918152
55,20,Manipulation,5,non_holder,0.052472836425095884,0.11958330124616623,0.00627487525343895,0.9716247916221619
55,20,Manipulation,6,non_holder,0.2406300665729666,0.3388186991214752,0.08152996003627777,0.9809891581535339
55,20,Manipulation,7,non_holder,0.026203164285561475,0.07756982743740082,0.002032575197517872,0.9794274568557739
55,20,Manipulation,8,non_holder,0.09916879135230468,0.07529203593730927,0.007466619834303856,0.9241412878036499
55,20,Manipulation,9,non_holder,0.024786500486949116,0.061107367277145386,0.0015146377263590693,0.9631779789924622
55,20,Manipulation,10,non_holder,0.035486358448497346,0.1356927752494812,0.0048152427189052105,0.9719445705413818
55,20,Manipulation,11,non_holder,0.03317718715496144,0.06836004555225372,0.0022679937537759542,0.945919394493103
55,20,Manipulation,12,non_holder,0.01581073073993011,0.058924634009599686,0.0009316414943896234,0.9863391518592834
55,20,Manipulation,13,holder,0.039270329776635936,0.11866742372512817,0.004660109058022499,-0.937972903251648
55,20,Manipulation,14,non_holder,0.04655596287094407,0.10393615067005157,0.004838847555220127,0.9620838761329651
55,20,Replay,0,non_holder,0.17920750543457536,0.18763145804405212,0.03362496569752693,0.9374188184738159
55,20,Replay,1,holder,0.033765990953071506,0.10542165488004684,0.003559666685760021,-0.9022497534751892
55,20,Replay,2,non_holder,0.027715636601085895,0.10987059772014618,0.0030451335478574038,0.9648317694664001
55,20,Replay,3,non_holder,0.08175443067881731,0.0892096757888794,0.007293286267668009,0.9564694762229919
55,20,Replay,4,holder,0.06399450821860342,0.14480555057525635,0.009266759268939495,-0.7938498258590698
55,20,Replay,5,non_holder,0.052472836425095884,0.1214580237865448,0.006373247131705284,0.9691842794418335
55,20,Replay,6,non_holder,0.2406300665729666,0.30808180570602417,0.0741337463259697,0.9808787107467651
55,20,Replay,7,non_holder,0.026203164285561475,0.07441922277212143,0.001950019272044301,0.9690089225769043
55,20,Replay,8,non_holder,0.09916879135230468,0.085628941655159,0.008491718210279942,0.9296236038208008
55,20,Replay,9,non_holder,0.024786500486949116,0.06740677356719971,0.0016707779141142964,0.9503812789916992
55,20,Replay,10,holder,0.035486358448497346,0.1025189459323883,0.003638023976236582,-0.847468376159668
55,20,Replay,11,non_holder,0.03317718715496144,0.07915796339511871,0.002626238390803337,0.9396387934684753
55,20,Replay,12,non_holder,0.01581073073993011,0.06194588169455528,0.0009794095531105995,0.9682484865188599
55,20,Replay,13,non_holder,0.039270329776635936,0.14432299137115479,0.005667611490935087,0.9404546618461609
55,20,Replay,14,non_holder,0.04655596287094407,0.10864891856908798,0.005058255046606064,0.9534600973129272
55,30,Manipulation,0,non_holder,0.17920750543457536,0.1983100324869156,0.03553864359855652,0.9152381420135498
55,30,Manipulation,1,non_holder,0.033765990953071506,0.10775528103113174,0.003638463793322444,0.9162559509277344
55,30,Manipulation,2,holder,0.027715636601085895,0.09099442511796951,0.0025219686795026064,-0.9148529767990112
55,30,Manipulation,3,non_holder,0.08175443067881731,0.07440260052680969,0.006082741543650627,0.9311971664428711
55,30,Manipulation,4,non_holder,0.06399450821860342,0.1845008134841919,0.011807037517428398,0.9219741821289062
55,30,Manipulation,5,non_holder,0.052472836425095884,0.12590733170509338,0.006606715265661478,0.9676191210746765
55,30,Manipulation,6,non_holder,0.2406300665729666,0.29267969727516174,0.07042752951383591,0.9666608572006226
55,30,Manipulation,7,non_holder,0.026203164285561475,0.07015930116176605,0.0018383958376944065,0.9337554574012756
55,30,Manipulation,8,non_holder,0.09916879135230468,0.034753259271383286,0.003446438815444708,0.7449002861976624
55,30,Manipulation,9,non_holder,0.024786500486949116,0.038557734340429306,0.0009557113517075777,0.8406378030776978
55,30,Manipulation,10,non_holder,0.035486358448497346,0.1337674856185913,0.004746921360492706,0.9478569626808167
55,30,Manipulation,11,non_holder,0.03317718715496144,0.04363563656806946,0.0014477076474577188,0.88959139585495
55,30,Manipulation,12,non_holder,0.01581073073993011,0.05316903814673424,0.000840641325339675,0.9431902766227722
55,30,Manipulation,13,holder,0.039270329776635936,0.1131921261548996,0.004445092286914587,-0.9161242246627808
55,30,Manipulation,14,non_holder,0.04655596287094407,0.07150103151798248,0.003328799270093441,0.8983367681503296
55,30,Replay,0,non_holder,0.17920750543457536,0.209967240691185,0.037627704441547394,0.8851220607757568
55,30,Replay,1,holder,0.033765990953071506,0.09978670626878738,0.003369396785274148,-0.8498823046684265
55,30,Replay,2,non_holder,0.027715636601085895,0.10690997540950775,0.0029630782082676888,0.9372402429580688
55,30,Replay,3,non_holder,0.08175443067881731,0.08468563854694366,0.006923425942659378,0.9399827718734741
55,30,Replay,4,holder,0.06399450821860342,0.14338161051273346,0.009175635874271393,-0.7520120739936829
55,30,Replay,5,non_holder,0.052472836425095884,0.13070030510425568,0.006858215667307377,0.9512866735458374
55,30,Replay,6,non_holder,0.2406300665729666,0.31131643056869507,0.07491208612918854,0.9557740092277527
55,30,Replay,7,non_holder,0.026203164285561475,0.07875173538923264,0.002063544699922204,0.9205282330513
55,30,Replay,8,non_holder,0.09916879135230468,0.1014554426074028,0.010061212815344334,0.8024364709854126
55,30,Replay,9,non_holder,0.024786500486949116,0.05447902902960777,0.0013503445079550147,0.8624970316886902
55,30,Replay,10,holder,0.035486358448497346,0.10006064176559448,0.003550787689164281,-0.7745450139045715
55,30,Replay,11,non_holder,0.03317718715496144,0.062295541167259216,0.0020667905919253826,0.9007083773612976
55,30,Replay,12,non_holder,0.01581073073993011,0.05777348205447197,0.0009134408901445568,0.9199146628379822
55,30,Replay,13,non_holder,0.039270329776635936,0.13692057132720947,0.005376915913075209,0.904438316822052
55,30,Replay,14,non_holder,0.04655596287094407,0.08956596255302429,0.004169829655438662,0.9088679552078247
55,45,Manipulation,0,non_holder,0.17920750543457536,0.1809157133102417,0.032421451061964035,0.8775689601898193
55,45,Manipulation,1,non_holder,0.033765990953071506,0.08973333984613419,0.00302993506193161,0.8490588665008545
55,45,Manipulation,2,holder,0.027715636601085895,0.08120901882648468,0.002250759629532695,-0.779380202293396
55,45,Manipulation,3,non_holder,0.08175443067881731,0.048330824822187424,0.003951258957386017,0.8917070627212524
55,45,Manipulation,4,non_holder,0.06399450821860342,0.17136946320533752,0.010966703295707703,0.8766210675239563
55,45,Manipulation,5,non_holder,0.052472836425095884,0.08406686037778854,0.004411226604133844,0.9476281404495239
55,45,Manipulation,6,non_holder,0.2406300665729666,0.27950379252433777,0.06725702434778214,0.9683313369750977
55,45,Manipulation,7,non_holder,0.026203164285561475,0.05637839064002037,0.0014772922731935978,0.9409698247909546
55,45,Manipulation,8,non_holder,0.09916879135230468,0.03658375144004822,0.003627966856583953,0.7039200663566589
55,45,Manipulation,9,non_holder,0.024786500486949116,0.029060134664177895,0.0007202990236692131,0.8356963992118835
55,45,Manipulation,10,non_holder,0.035486358448497346,0.12024026364088058,0.004266888834536076,0.9234548211097717
55,45,Manipulation,11,non_holder,0.03317718715496144,0.03501839563250542,0.001161811756901443,0.8225017189979553
55,45,Manipulation,12,non_holder,0.01581073073993011,0.04577364772558212,0.0007237148238345981,0.929993212223053
55,45,Manipulation,13,holder,0.039270329776635936,0.10688619315624237,0.004197456408292055,-0.8843321204185486
55,45,Manipulation,14,non_holder,0.04655596287094407,0.056872010231018066,0.0026477312203496695,0.899956464767456
55,45,Replay,0,non_holder,0.17920750543457536,0.2263285368680954,0.04055977240204811,0.9127486944198608
55,45,Replay,1,holder,0.033765990953071506,0.08580651134252548,0.00289734173566103,-0.7191859483718872
55,45,Replay,2,non_holder,0.027715636601085895,0.09877003729343414,0.0027374743949621916,0.9016981720924377
55,45,Replay,3,non_holder,0.08175443067881731,0.06279053539037704,0.005133404862135649,0.882420003414154
55,45,Replay,4,holder,0.06399450821860342,0.1333688646554947,0.008534873835742474,-0.5159326195716858
55,45,Replay,5,non_holder,0.052472836425095884,0.10027159750461578,0.005261535290628672,0.9244850277900696
55,45,Replay,6,non_holder,0.2406300665729666,0.28413069248199463,0.06837038695812225,0.9589760899543762
55,45,Replay,7,non_holder,0.026203164285561475,0.06865520775318146,0.0017989837797358632,0.9117379188537598
55,45,Replay,8,non_holder,0.09916879135230468,0.07732411473989487,0.007668139412999153,0.7117598652839661
55,45,Replay,9,non_holder,0.024786500486949116,0.0453212708234787,0.0011233555851504207,0.8243589401245117
55,45,Replay,10,holder,0.035486358448497346,0.09651190042495728,0.0034248558804392815,-0.6222085356712341
55,45,Replay,11,non_holder,0.03317718715496144,0.050100743770599365,0.001662201713770628,0.8062871694564819
55,45,Replay,12,non_holder,0.01581073073993011,0.05126621946692467,0.0008105563465505838,0.9119356870651245
55,45,Replay,13,non_holder,0.039270329776635936,0.12545254826545715,0.004926562309265137,0.8496477603912354
55,45,Replay,14,non_holder,0.04655596287094407,0.07596613466739655,0.003536676522344351,0.8912298679351807
