alpha,n_clients,partition_seed,class,fedavg_sgd,fednova_sgd,partition_id,hhi,n_holders,holder_fraction,rescued
0.1,10,101,DoS,0.0,0.0,0.1_10_101,0.6633222605343255,3,0.3,False
0.1,10,101,Injection,0.0,1.0,0.1_10_101,1.0,1,0.1,False
0.1,10,101,Ip Spoofing,0.0,1.0,0.1_10_101,1.0,1,0.1,False
0.1,10,101,MITM,0.0,0.0,0.1_10_101,0.5025629212348803,2,0.2,False
0.1,10,101,Manipulation,0.0,0.0,0.1_10_101,0.37591073171235834,3,0.3,False
0.1,10,101,Regular,0.0,0.0,0.1_10_101,0.47519095533257033,4,0.4,False
0.1,10,101,Replay,0.0,1.0,0.1_10_101,0.6354022900321895,2,0.2,False
0.1,10,101,Unauth,1.0,0.0,0.1_10_101,1.0,1,0.1,True
0.1,10,101,Video,0.0,0.0,0.1_10_101,0.7126810326740602,2,0.2,False
0.1,10,102,DoS,0.0,0.0,0.1_10_102,0.4294497776913206,3,0.3,False
0.1,10,102,Injection,0.0,0.0,0.1_10_102,0.340350556887863,3,0.3,False
0.1,10,102,Ip Spoofing,0.0,1.0,0.1_10_102,0.8723585023199358,2,0.2,False
0.1,10,102,MITM,0.0,0.0,0.1_10_102,0.40737883573807915,3,0.3,False
0.1,10,102,Manipulation,1.0,1.0,0.1_10_102,1.0,1,0.1,False
0.1,10,102,Regular,0.0,0.0,0.1_10_102,0.4447913336698713,5,0.5,False
0.1,10,102,Replay,0.0,0.0,0.1_10_102,0.3783965807405648,3,0.3,False
0.1,10,102,Unauth,0.0,0.0,0.1_10_102,0.43858268682884066,3,0.3,False
0.1,10,102,Video,0.0,0.0,0.1_10_102,0.7387868447790882,2,0.2,False
0.1,10,103,DoS,0.0,0.0,0.1_10_103,0.36266825571628114,3,0.3,False
0.1,10,103,Injection,0.0,0.0,0.1_10_103,0.3824087036877687,3,0.3,False
0.1,10,103,Ip Spoofing,0.0,0.0,0.1_10_103,0.3650105284285338,3,0.3,False
0.1,10,103,MITM,0.0,0.0,0.1_10_103,0.3140771356496166,4,0.4,False
0.1,10,103,Manipulation,1.0,1.0,0.1_10_103,1.0,1,0.1,False
0.1,10,103,Regular,0.0,0.0,0.1_10_103,0.28662724750949353,4,0.4,False
0.1,10,103,Replay,0.0,0.0,0.1_10_103,0.38387257662131613,3,0.3,False
0.1,10,103,Unauth,0.0,0.0,0.1_10_103,0.43858268682884066,3,0.3,False
0.1,10,103,Video,0.0,0.0,0.1_10_103,0.7126810326740602,2,0.2,False
0.1,15,101,DoS,0.0,0.0,0.1_15_101,0.38110903487338577,3,0.2,False
0.1,15,101,Injection,1.0,1.0,0.1_15_101,0.7405522861023088,2,0.13333333333333333,False
0.1,15,101,Ip Spoofing,1.0,1.0,0.1_15_101,0.6496341045036174,2,0.13333333333333333,False
0.1,15,101,MITM,0.0,0.0,0.1_15_101,0.35138358338234205,3,0.2,False
0.1,15,101,Manipulation,0.0,1.0,0.1_15_101,0.6335873408638935,2,0.13333333333333333,False
0.1,15,101,Regular,0.0,0.0,0.1_15_101,0.5371194790297431,8,0.5333333333333333,False
0.1,15,101,Replay,0.0,0.0,0.1_15_101,0.6317731154768718,2,0.13333333333333333,False
0.1,15,101,Unauth,0.0,0.0,0.1_15_101,0.40503423186500115,3,0.2,False
0.1,15,101,Video,0.0,0.0,0.1_15_101,0.6807900050581678,2,0.13333333333333333,False
0.1,15,102,DoS,0.0,0.0,0.1_15_102,0.27390980370695284,4,0.26666666666666666,False
0.1,15,102,Injection,0.0,1.0,0.1_15_102,0.3730630141906326,3,0.2,False
0.1,15,102,Ip Spoofing,0.0,0.0,0.1_15_102,0.27696341315114337,4,0.26666666666666666,False
0.1,15,102,MITM,0.0,0.0,0.1_15_102,0.3271569213710702,5,0.3333333333333333,False
0.1,15,102,Manipulation,1.0,0.0,0.1_15_102,0.2502406363820241,4,0.26666666666666666,True
0.1,15,102,Regular,0.0,0.0,0.1_15_102,0.624744207262024,3,0.2,False
0.1,15,102,Replay,1.0,0.0,0.1_15_102,0.38387257662131613,3,0.2,True
0.1,15,102,Unauth,1.0,0.0,0.1_15_102,0.32134987216012856,4,0.26666666666666666,True
0.1,15,102,Video,0.0,0.0,0.1_15_102,0.5021926043152636,2,0.13333333333333333,False
0.1,15,103,DoS,0.0,0.0,0.1_15_103,0.39568601154893385,4,0.26666666666666666,False
0.1,15,103,Injection,1.0,0.0,0.1_15_103,0.5000545476993067,2,0.13333333333333333,True
0.1,15,103,Ip Spoofing,0.0,0.0,0.1_15_103,0.17689351976591897,7,0.4666666666666667,False
0.1,15,103,MITM,0.0,0.0,0.1_15_103,0.6487419133782975,2,0.13333333333333333,False
0.1,15,103,Manipulation,0.0,1.0,0.1_15_103,0.5000049901894057,2,0.13333333333333333,False
0.1,15,103,Regular,0.0,0.0,0.1_15_103,0.4447315504341572,4,0.26666666666666666,False
0.1,15,103,Replay,1.0,1.0,0.1_15_103,0.6087545048357998,2,0.13333333333333333,False
0.1,15,103,Unauth,0.0,0.0,0.1_15_103,0.5066370954781211,2,0.13333333333333333,False
0.1,15,103,Video,0.0,0.0,0.1_15_103,0.3716756675392001,3,0.2,False
0.1,30,101,DoS,0.0,0.0,0.1_30_101,0.18988379233158548,10,0.3333333333333333,False
0.1,30,101,Injection,0.0,0.0,0.1_30_101,0.4531408325819619,3,0.1,False
0.1,30,101,Ip Spoofing,1.0,0.0,0.1_30_101,0.38590057669505495,3,0.1,True
0.1,30,101,MITM,1.0,0.0,0.1_30_101,0.7567416893829628,4,0.13333333333333333,True
0.1,30,101,Manipulation,0.0,1.0,0.1_30_101,0.6165805391471502,2,0.06666666666666667,False
0.1,30,101,Regular,0.0,0.0,0.1_30_101,0.30245732956654914,7,0.23333333333333334,False
0.1,30,101,Replay,0.0,0.0,0.1_30_101,0.6087545048357998,2,0.06666666666666667,False
0.1,30,101,Unauth,1.0,1.0,0.1_30_101,0.6032210387902697,2,0.06666666666666667,False
0.1,30,101,Video,1.0,0.0,0.1_30_101,0.21183017105876717,5,0.16666666666666666,True
0.1,30,102,DoS,0.0,0.0,0.1_30_102,0.31830586126763616,9,0.3,False
0.1,30,102,Injection,0.0,1.0,0.1_30_102,0.41260822555361426,3,0.1,False
0.1,30,102,Ip Spoofing,0.0,0.0,0.1_30_102,0.176893519765919,7,0.23333333333333334,False
0.1,30,102,MITM,0.0,0.0,0.1_30_102,0.5172796280002712,3,0.1,False
0.1,30,102,Manipulation,0.0,0.0,0.1_30_102,0.5000049901894057,2,0.06666666666666667,False
0.1,30,102,Regular,0.0,0.0,0.1_30_102,0.26198392568578754,7,0.23333333333333334,False
0.1,30,102,Replay,1.0,1.0,0.1_30_102,0.25043120331669394,4,0.13333333333333333,False
0.1,30,102,Unauth,0.0,0.0,0.1_30_102,0.38275555555555557,3,0.1,False
0.1,30,102,Video,0.0,0.0,0.1_30_102,0.2811618759734052,4,0.13333333333333333,False
0.1,30,103,DoS,0.0,0.0,0.1_30_103,0.18540503956527135,10,0.3333333333333333,False
0.1,30,103,Injection,0.0,0.0,0.1_30_103,0.5000545476993067,2,0.06666666666666667,False
0.1,30,103,Ip Spoofing,1.0,1.0,0.1_30_103,0.7925074774337257,2,0.06666666666666667,False
0.1,30,103,MITM,0.0,0.0,0.1_30_103,0.45239411694064874,4,0.13333333333333333,False
0.1,30,103,Manipulation,1.0,1.0,0.1_30_103,0.500000029527748,2,0.06666666666666667,False
0.1,30,103,Regular,0.0,0.0,0.1_30_103,0.11900010938811188,17,0.5666666666666667,False
0.1,30,103,Replay,0.0,0.0,0.1_30_103,0.38387257662131613,3,0.1,False
0.1,30,103,Unauth,1.0,1.0,0.1_30_103,1.0,1,0.03333333333333333,False
0.1,30,103,Video,1.0,0.0,0.1_30_103,0.3286402157813272,4,0.13333333333333333,True
0.3,10,101,DoS,0.0,0.0,0.3_10_101,0.3996931732022082,5,0.5,False
0.3,10,101,Injection,1.0,0.0,0.3_10_101,0.5864700754613921,2,0.2,True
0.3,10,101,Ip Spoofing,0.0,0.0,0.3_10_101,0.566813534696977,3,0.3,False
0.3,10,101,MITM,1.0,0.0,0.3_10_101,0.7134537942675436,2,0.2,True
0.3,10,101,Manipulation,1.0,0.0,0.3_10_101,0.6182291323714177,2,0.2,True
0.3,10,101,Regular,0.0,0.0,0.3_10_101,0.7064633688430162,4,0.4,False
0.3,10,101,Replay,0.0,1.0,0.3_10_101,0.3721221722918605,3,0.3,False
0.3,10,101,Unauth,0.0,0.0,0.3_10_101,0.41148145226093946,3,0.3,False
0.3,10,101,Video,0.0,0.0,0.3_10_101,0.500117631240607,2,0.2,False
0.3,10,102,DoS,0.0,0.0,0.3_10_102,0.4050462592739401,3,0.3,False
0.3,10,102,Injection,0.0,0.0,0.3_10_102,0.3403505568878629,3,0.3,False
0.3,10,102,Ip Spoofing,0.0,0.0,0.3_10_102,0.36756774217713273,3,0.3,False
0.3,10,102,MITM,1.0,0.0,0.3_10_102,0.49379331358344314,3,0.3,True
0.3,10,102,Manipulation,0.0,0.0,0.3_10_102,0.500000029527748,2,0.2,False
0.3,10,102,Regular,0.0,0.0,0.3_10_102,0.4894725356504092,3,0.3,False
0.3,10,102,Replay,0.0,0.0,0.3_10_102,0.38026994775240075,3,0.3,False
0.3,10,102,Unauth,0.0,0.0,0.3_10_102,0.551968675578932,2,0.2,False
0.3,10,102,Video,0.0,0.0,0.3_10_102,0.27419165020286795,4,0.4,False
0.3,10,103,DoS,0.0,0.0,0.3_10_103,0.2892522141352194,5,0.5,False
0.3,10,103,Injection,0.0,0.0,0.3_10_103,0.7608179910134724,2,0.2,False
0.3,10,103,Ip Spoofing,0.0,0.0,0.3_10_103,0.28924440019584935,5,0.5,False
0.3,10,103,MITM,0.0,0.0,0.3_10_103,0.26300820219917775,4,0.4,False
0.3,10,103,Manipulation,0.0,1.0,0.3_10_103,1.0,1,0.1,False
0.3,10,103,Regular,0.0,0.0,0.3_10_103,0.7055776113104298,4,0.4,False
0.3,10,103,Replay,0.0,0.0,0.3_10_103,0.6249324962885265,2,0.2,False
0.3,10,103,Unauth,0.0,0.0,0.3_10_103,0.5002782380013149,2,0.2,False
0.3,10,103,Video,0.0,0.0,0.3_10_103,0.6807900050581678,2,0.2,False
0.3,15,101,DoS,0.0,0.0,0.3_15_101,0.3536554687864764,6,0.4,False
0.3,15,101,Injection,0.0,0.0,0.3_15_101,0.28721047255966387,4,0.26666666666666666,False
0.3,15,101,Ip Spoofing,0.0,0.0,0.3_15_101,0.4322060105041926,3,0.2,False
0.3,15,101,MITM,0.0,0.0,0.3_15_101,0.21133030089427357,5,0.3333333333333333,False
0.3,15,101,Manipulation,1.0,1.0,0.3_15_101,0.3743348948590714,3,0.2,False
0.3,15,101,Regular,0.0,0.0,0.3_15_101,0.32446816073445833,8,0.5333333333333333,False
0.3,15,101,Replay,0.0,0.0,0.3_15_101,0.6354022900321895,2,0.13333333333333333,False
0.3,15,101,Unauth,0.0,1.0,0.3_15_101,0.344191452991453,4,0.26666666666666666,False
0.3,15,101,Video,0.0,0.0,0.3_15_101,0.21183017105876717,5,0.3333333333333333,False
0.3,15,102,DoS,0.0,0.0,0.3_15_102,0.25074765757868933,5,0.3333333333333333,False
0.3,15,102,Injection,0.0,0.0,0.3_15_102,0.27420971308209463,4,0.26666666666666666,False
0.3,15,102,Ip Spoofing,1.0,0.0,0.3_15_102,0.32095026148185773,4,0.26666666666666666,True
0.3,15,102,MITM,0.0,0.0,0.3_15_102,0.616328858666161,2,0.13333333333333333,False
0.3,15,102,Manipulation,0.0,0.0,0.3_15_102,0.3751567111403764,3,0.2,False
0.3,15,102,Regular,0.0,0.0,0.3_15_102,0.19809222275638913,8,0.5333333333333333,False
0.3,15,102,Replay,0.0,1.0,0.3_15_102,0.38387257662131613,3,0.2,False
0.3,15,102,Unauth,1.0,0.0,0.3_15_102,0.5497876543209876,2,0.13333333333333333,True
0.3,15,102,Video,1.0,0.0,0.3_15_102,0.3964690691286019,3,0.2,True
0.3,15,103,DoS,0.0,0.0,0.3_15_103,0.23013546068371868,7,0.4666666666666667,False
0.3,15,103,Injection,1.0,1.0,0.3_15_103,0.393674113038696,3,0.2,False
0.3,15,103,Ip Spoofing,0.0,0.0,0.3_15_103,0.4545083543348718,3,0.2,False
0.3,15,103,MITM,0.0,0.0,0.3_15_103,0.5376313290244756,3,0.2,False
0.3,15,103,Manipulation,0.0,0.0,0.3_15_103,0.2502406363820241,4,0.26666666666666666,False
0.3,15,103,Regular,0.0,0.0,0.3_15_103,0.17180948250499076,10,0.6666666666666666,False
0.3,15,103,Replay,0.0,1.0,0.3_15_103,0.6354022900321895,2,0.13333333333333333,False
0.3,15,103,Unauth,0.0,0.0,0.3_15_103,0.3599265979983929,3,0.2,False
0.3,15,103,Video,0.0,0.0,0.3_15_103,0.5857075367373191,2,0.13333333333333333,False
0.3,30,101,DoS,0.0,0.0,0.3_30_101,0.13953016328230416,10,0.3333333333333333,False
0.3,30,101,Injection,0.0,1.0,0.3_30_101,0.3390949870739163,4,0.13333333333333333,False
0.3,30,101,Ip Spoofing,1.0,0.0,0.3_30_101,0.25625364205731044,6,0.2,True
0.3,30,101,MITM,0.0,0.0,0.3_30_101,0.2971474091170552,6,0.2,False
0.3,30,101,Manipulation,1.0,1.0,0.3_30_101,0.2502406363820241,4,0.13333333333333333,False
0.3,30,101,Regular,0.0,0.0,0.3_30_101,0.1754015665535053,12,0.4,False
0.3,30,101,Replay,0.0,1.0,0.3_30_101,0.25043120331669394,4,0.13333333333333333,False
0.3,30,101,Unauth,1.0,0.0,0.3_30_101,0.2281414858645628,5,0.16666666666666666,True
0.3,30,101,Video,1.0,0.0,0.3_30_101,0.2655539368740262,4,0.13333333333333333,True
0.3,30,102,DoS,0.0,0.0,0.3_30_102,0.28575069387348573,9,0.3,False
0.3,30,102,Injection,1.0,0.0,0.3_30_102,0.29495130738638703,4,0.13333333333333333,True
0.3,30,102,Ip Spoofing,0.0,0.0,0.3_30_102,0.176893519765919,7,0.23333333333333334,False
0.3,30,102,MITM,0.0,0.0,0.3_30_102,0.3017089060273916,7,0.23333333333333334,False
0.3,30,102,Manipulation,0.0,0.0,0.3_30_102,0.2502406363820241,4,0.13333333333333333,False
0.3,30,102,Regular,0.0,0.0,0.3_30_102,0.21796569431762192,8,0.26666666666666666,False
0.3,30,102,Replay,1.0,0.0,0.3_30_102,0.25043120331669394,4,0.13333333333333333,True
0.3,30,102,Unauth,0.0,0.0,0.3_30_102,0.2660099057637519,4,0.13333333333333333,False
0.3,30,102,Video,0.0,0.0,0.3_30_102,0.28331498902346364,4,0.13333333333333333,False
0.3,30,103,DoS,0.0,0.0,0.3_30_103,0.16979695714951348,12,0.4,False
0.3,30,103,Injection,0.0,0.0,0.3_30_103,0.29495130738638703,4,0.13333333333333333,False
0.3,30,103,Ip Spoofing,0.0,0.0,0.3_30_103,0.2705059864601289,5,0.16666666666666666,False
0.3,30,103,MITM,0.0,0.0,0.3_30_103,0.20941048935449247,5,0.16666666666666666,False
0.3,30,103,Manipulation,1.0,0.0,0.3_30_103,0.2502406363820241,4,0.13333333333333333,True
0.3,30,103,Regular,0.0,0.0,0.3_30_103,0.16433480336847436,10,0.3333333333333333,False
0.3,30,103,Replay,1.0,0.0,0.3_30_103,0.25043120331669394,4,0.13333333333333333,True
0.3,30,103,Unauth,1.0,1.0,0.3_30_103,0.3565688070713712,3,0.1,False
0.3,30,103,Video,1.0,0.0,0.3_30_103,0.5051916432684074,3,0.1,True
1.0,10,101,DoS,0.0,0.0,1.0_10_101,0.2774375670312191,7,0.7,False
1.0,10,101,Injection,0.0,0.0,1.0_10_101,0.3390949870739162,4,0.4,False
1.0,10,101,Ip Spoofing,0.0,0.0,1.0_10_101,0.35932673352333094,3,0.3,False
1.0,10,101,MITM,0.0,0.0,1.0_10_101,0.2893182314182509,6,0.6,False
1.0,10,101,Manipulation,0.0,0.0,1.0_10_101,0.2502406363820241,4,0.4,False
1.0,10,101,Regular,0.0,0.0,1.0_10_101,0.17955718567439208,9,0.9,False
1.0,10,101,Replay,0.0,1.0,1.0_10_101,0.25043120331669394,4,0.4,False
1.0,10,101,Unauth,0.0,0.0,1.0_10_101,0.3565688070713712,3,0.3,False
1.0,10,101,Video,0.0,0.0,1.0_10_101,0.3823639815965862,3,0.3,False
1.0,10,102,DoS,0.0,0.0,1.0_10_102,0.3656011364652428,4,0.4,False
1.0,10,102,Injection,0.0,0.0,1.0_10_102,0.30730168469334695,4,0.4,False
1.0,10,102,Ip Spoofing,0.0,0.0,1.0_10_102,0.3109597504648365,5,0.5,False
1.0,10,102,MITM,0.0,0.0,1.0_10_102,0.3940883154867553,4,0.4,False
1.0,10,102,Manipulation,0.0,1.0,1.0_10_102,0.3750839547693957,3,0.3,False
1.0,10,102,Regular,0.0,0.0,1.0_10_102,0.15794987759053136,9,0.9,False
1.0,10,102,Replay,0.0,0.0,1.0_10_102,0.25043120331669394,4,0.4,False
1.0,10,102,Unauth,1.0,1.0,1.0_10_102,0.3456641683103221,4,0.4,False
1.0,10,102,Video,0.0,0.0,1.0_10_102,0.32864021578132724,4,0.4,False
1.0,10,103,DoS,0.0,0.0,1.0_10_103,0.19321876432305476,6,0.6,False
1.0,10,103,Injection,0.0,0.0,1.0_10_103,0.29495130738638703,4,0.4,False
1.0,10,103,Ip Spoofing,0.0,0.0,1.0_10_103,0.440950324026274,3,0.3,False
1.0,10,103,MITM,0.0,0.0,1.0_10_103,0.23821793179028042,6,0.6,False
1.0,10,103,Manipulation,1.0,0.0,1.0_10_103,0.2502406363820241,4,0.4,True
1.0,10,103,Regular,0.0,0.0,1.0_10_103,0.22151431690246845,9,0.9,False
1.0,10,103,Replay,0.0,0.0,1.0_10_103,0.37036636474837864,3,0.3,False
1.0,10,103,Unauth,0.0,1.0,1.0_10_103,0.4496575060267368,3,0.3,False
1.0,10,103,Video,0.0,0.0,1.0_10_103,0.3706205463964099,3,0.3,False
1.0,15,101,DoS,0.0,0.0,1.0_15_101,0.3334542534687013,6,0.4,False
1.0,15,101,Injection,0.0,1.0,1.0_15_101,0.29495130738638703,4,0.26666666666666666,False
1.0,15,101,Ip Spoofing,0.0,0.0,1.0_15_101,0.28274280151081727,5,0.3333333333333333,False
1.0,15,101,MITM,0.0,0.0,1.0_15_101,0.44876343102859184,5,0.3333333333333333,False
1.0,15,101,Manipulation,1.0,1.0,1.0_15_101,1.0,1,0.06666666666666667,False
1.0,15,101,Regular,0.0,0.0,1.0_15_101,0.1260782489887245,13,0.8666666666666667,False
1.0,15,101,Replay,0.0,0.0,1.0_15_101,0.25043120331669394,4,0.26666666666666666,False
1.0,15,101,Unauth,1.0,0.0,1.0_15_101,0.22814148586456273,5,0.3333333333333333,True
1.0,15,101,Video,0.0,0.0,1.0_15_101,0.48073743468705993,3,0.2,False
1.0,15,102,DoS,0.0,0.0,1.0_15_102,0.25244846220388384,7,0.4666666666666667,False
1.0,15,102,Injection,0.0,0.0,1.0_15_102,0.4531408325819619,3,0.2,False
1.0,15,102,Ip Spoofing,1.0,0.0,1.0_15_102,0.4746605561719577,4,0.26666666666666666,True
1.0,15,102,MITM,0.0,0.0,1.0_15_102,0.20162882698458365,7,0.4666666666666667,False
1.0,15,102,Manipulation,1.0,1.0,1.0_15_102,0.3751567111403764,3,0.2,False
1.0,15,102,Regular,0.0,0.0,1.0_15_102,0.12883112740848582,11,0.7333333333333333,False
1.0,15,102,Replay,0.0,0.0,1.0_15_102,0.25043120331669394,4,0.26666666666666666,False
1.0,15,102,Unauth,0.0,0.0,1.0_15_102,0.2521532909635473,4,0.26666666666666666,False
1.0,15,102,Video,0.0,0.0,1.0_15_102,0.21183017105876717,5,0.3333333333333333,False
1.0,15,103,DoS,0.0,0.0,1.0_15_103,0.21480115392380117,8,0.5333333333333333,False
1.0,15,103,Injection,0.0,0.0,1.0_15_103,0.39014953851449186,3,0.2,False
1.0,15,103,Ip Spoofing,1.0,0.0,1.0_15_103,0.23850634410047306,5,0.3333333333333333,True
1.0,15,103,MITM,0.0,0.0,1.0_15_103,0.5175232450896512,4,0.26666666666666666,False
1.0,15,103,Manipulation,0.0,0.0,1.0_15_103,0.2502406363820241,4,0.26666666666666666,False
1.0,15,103,Regular,0.0,0.0,1.0_15_103,0.15694006721522535,12,0.8,False
1.0,15,103,Replay,0.0,1.0,1.0_15_103,0.3721221722918605,3,0.2,False
1.0,15,103,Unauth,0.0,0.0,1.0_15_103,0.2660099057637519,4,0.26666666666666666,False
1.0,15,103,Video,0.0,0.0,1.0_15_103,0.27341359839870494,4,0.26666666666666666,False
1.0,30,101,DoS,0.0,0.0,1.0_30_101,0.14631149746431477,11,0.36666666666666664,False
1.0,30,101,Injection,1.0,1.0,1.0_30_101,0.2684068555009746,4,0.13333333333333333,False
1.0,30,101,Ip Spoofing,0.0,0.0,1.0_30_101,0.17689351976591897,7,0.23333333333333334,False
1.0,30,101,MITM,0.0,0.0,1.0_30_101,0.23895372035760373,6,0.2,False
1.0,30,101,Manipulation,1.0,0.0,1.0_30_101,0.2502406363820241,4,0.13333333333333333,True
1.0,30,101,Regular,0.0,0.0,1.0_30_101,0.12319740093080443,14,0.4666666666666667,False
1.0,30,101,Replay,0.0,0.0,1.0_30_101,0.25043120331669394,4,0.13333333333333333,False
1.0,30,101,Unauth,0.0,0.0,1.0_30_101,0.2660099057637519,4,0.13333333333333333,False
1.0,30,101,Video,1.0,0.0,1.0_30_101,0.2118301710587672,5,0.16666666666666666,True
1.0,30,102,DoS,0.0,0.0,1.0_30_102,0.16898363673617375,10,0.3333333333333333,False
1.0,30,102,Injection,0.0,0.0,1.0_30_102,0.28721047255966387,4,0.13333333333333333,False
1.0,30,102,Ip Spoofing,0.0,0.0,1.0_30_102,0.176893519765919,7,0.23333333333333334,False
1.0,30,102,MITM,0.0,0.0,1.0_30_102,0.19743516355061153,7,0.23333333333333334,False
1.0,30,102,Manipulation,1.0,0.0,1.0_30_102,0.2502406363820241,4,0.13333333333333333,True
1.0,30,102,Regular,0.0,0.0,1.0_30_102,0.08926359586679522,17,0.5666666666666667,False
1.0,30,102,Replay,0.0,1.0,1.0_30_102,0.36712837442894874,3,0.1,False
1.0,30,102,Unauth,1.0,0.0,1.0_30_102,0.3026608809993425,4,0.13333333333333333,True
1.0,30,102,Video,0.0,0.0,1.0_30_102,0.5051916432684074,3,0.1,False
1.0,30,103,DoS,0.0,0.0,1.0_30_103,0.13507026688283957,11,0.36666666666666664,False
1.0,30,103,Injection,0.0,0.0,1.0_30_103,0.21210345356524213,5,0.16666666666666666,False
1.0,30,103,Ip Spoofing,1.0,0.0,1.0_30_103,0.19300396638209194,6,0.2,True
1.0,30,103,MITM,0.0,0.0,1.0_30_103,0.20859570273342212,6,0.2,False
1.0,30,103,Manipulation,0.0,1.0,1.0_30_103,0.2502406363820241,4,0.13333333333333333,False
1.0,30,103,Regular,0.0,0.0,1.0_30_103,0.14765054350519677,17,0.5666666666666667,False
1.0,30,103,Replay,1.0,0.0,1.0_30_103,0.25043120331669394,4,0.13333333333333333,True
1.0,30,103,Unauth,0.0,0.0,1.0_30_103,0.3456641683103221,4,0.13333333333333333,False
1.0,30,103,Video,0.0,0.0,1.0_30_103,0.2118301710587672,5,0.16666666666666666,False
