run_id,algorithm,alpha,n_clients,partition_seed,partition_id,class,recall,zero_recall,n_holders,holder_fraction,hhi,gini,holder_weight_share,class_evaluable
1,fedavg_sgd,0.1,10,101,0.1_10_101,DoS,0.99989122631453,0,3,0.3,0.6633222605343255,0.8571087066690627,0.4990144745274919,True
1,fedavg_sgd,0.1,10,101,0.1_10_101,Injection,0.9811097992916175,0,1,0.1,1.0,0.9,0.06732176127680196,True
1,fedavg_sgd,0.1,10,101,0.1_10_101,Ip Spoofing,0.22170361726954493,0,1,0.1,1.0,0.9,0.10242814128686652,True
1,fedavg_sgd,0.1,10,101,0.1_10_101,MITM,0.344891457360895,0,2,0.2,0.5025629212348803,0.8071594989138632,0.1442327458627929,True
1,fedavg_sgd,0.1,10,101,0.1_10_101,Manipulation,0.047276464542651594,0,3,0.3,0.37591073171235834,0.7520048602673147,0.17550399465704736,True
1,fedavg_sgd,0.1,10,101,0.1_10_101,Password Cracking,0.0,1,1,0.1,1.0,0.9,0.06732176127680196,False
1,fedavg_sgd,0.1,10,101,0.1_10_101,Regular,0.982983467125946,0,4,0.4,0.47519095533257033,0.7819759817267046,0.4436376168422071,True
1,fedavg_sgd,0.1,10,101,0.1_10_101,Replay,0.9585253456221198,0,2,0.2,0.6354022900321895,0.8520388873886038,0.26619466244241025,True
1,fedavg_sgd,0.1,10,101,0.1_10_101,Unauth,0.0,1,1,0.1,1.0,0.9,0.0013603879221737185,True
1,fedavg_sgd,0.1,10,101,0.1_10_101,Video,0.633033633033633,0,2,0.2,0.7126810326740602,0.8652197872848509,0.28676140237623726,True
2,fednova_sgd,0.1,10,101,0.1_10_101,DoS,0.999825962103248,0,3,0.3,0.6633222605343255,0.8571087066690627,0.4990144745274919,True
2,fednova_sgd,0.1,10,101,0.1_10_101,Injection,0.0,1,1,0.1,1.0,0.9,0.06732176127680196,True
2,fednova_sgd,0.1,10,101,0.1_10_101,Ip Spoofing,0.0,1,1,0.1,1.0,0.9,0.10242814128686652,True
2,fednova_sgd,0.1,10,101,0.1_10_101,MITM,0.31999703637845445,0,2,0.2,0.5025629212348803,0.8071594989138632,0.1442327458627929,True
2,fednova_sgd,0.1,10,101,0.1_10_101,Manipulation,0.9938335046248715,0,3,0.3,0.37591073171235834,0.7520048602673147,0.17550399465704736,True
2,fednova_sgd,0.1,10,101,0.1_10_101,Password Cracking,0.0,1,1,0.1,1.0,0.9,0.06732176127680196,False
2,fednova_sgd,0.1,10,101,0.1_10_101,Regular,0.9646398216360644,0,4,0.4,0.47519095533257033,0.7819759817267046,0.4436376168422071,True
2,fednova_sgd,0.1,10,101,0.1_10_101,Replay,0.0,1,2,0.2,0.6354022900321895,0.8520388873886038,0.26619466244241025,True
2,fednova_sgd,0.1,10,101,0.1_10_101,Unauth,0.9973226238286479,0,1,0.1,1.0,0.9,0.0013603879221737185,True
2,fednova_sgd,0.1,10,101,0.1_10_101,Video,0.7958707958707959,0,2,0.2,0.7126810326740602,0.8652197872848509,0.28676140237623726,True
3,fedavg_sgd,0.1,15,101,0.1_15_101,DoS,0.999978245262906,0,3,0.2,0.38110903487338577,0.8402009340039209,0.5114077247709665,True
3,fedavg_sgd,0.1,15,101,0.1_15_101,Injection,0.0,1,2,0.13333333333333333,0.7405522861023088,0.9129078014184397,0.12964892224720273,True
3,fedavg_sgd,0.1,15,101,0.1_15_101,Ip Spoofing,0.0,1,2,0.13333333333333333,0.6496341045036174,0.9031369412601085,0.03781599369710184,True
3,fedavg_sgd,0.1,15,101,0.1_15_101,MITM,0.0011113580795732384,0,3,0.2,0.35138358338234205,0.8248171951031923,0.11777889812764113,True
3,fedavg_sgd,0.1,15,101,0.1_15_101,Manipulation,0.02672147995889003,0,2,0.13333333333333333,0.6335873408638935,0.9011259619279061,0.0684523947943419,True
3,fedavg_sgd,0.1,15,101,0.1_15_101,Password Cracking,0.0,1,1,0.06666666666666667,1.0,0.9333333333333333,0.0675710494567285,False
3,fedavg_sgd,0.1,15,101,0.1_15_101,Regular,0.9930105402233088,0,8,0.5333333333333333,0.5371194790297431,0.834315636254537,0.5968768283846219,True
3,fedavg_sgd,0.1,15,101,0.1_15_101,Replay,0.9253456221198156,0,2,0.13333333333333333,0.6317731154768718,0.9008911693221713,0.03697185555052225,True
3,fedavg_sgd,0.1,15,101,0.1_15_101,Unauth,0.998661311914324,0,3,0.2,0.40503423186500115,0.8492307692307693,0.5114077247709665,True
3,fedavg_sgd,0.1,15,101,0.1_15_101,Video,0.6862304362304362,0,2,0.13333333333333333,0.6807900050581678,0.9067543489042781,0.2192615116723609,True
4,fednova_sgd,0.1,15,101,0.1_15_101,DoS,0.99989122631453,0,3,0.2,0.38110903487338577,0.8402009340039209,0.5114077247709665,True
4,fednova_sgd,0.1,15,101,0.1_15_101,Injection,0.0,1,2,0.13333333333333333,0.7405522861023088,0.9129078014184397,0.12964892224720273,True
4,fednova_sgd,0.1,15,101,0.1_15_101,Ip Spoofing,0.0,1,2,0.13333333333333333,0.6496341045036174,0.9031369412601085,0.03781599369710184,True
4,fednova_sgd,0.1,15,101,0.1_15_101,MITM,0.8678224790694228,0,3,0.2,0.35138358338234205,0.8248171951031923,0.11777889812764113,True
4,fednova_sgd,0.1,15,101,0.1_15_101,Manipulation,0.0,1,2,0.13333333333333333,0.6335873408638935,0.9011259619279061,0.0684523947943419,True
4,fednova_sgd,0.1,15,101,0.1_15_101,Password Cracking,0.0,1,1,0.06666666666666667,1.0,0.9333333333333333,0.0675710494567285,False
4,fednova_sgd,0.1,15,101,0.1_15_101,Regular,0.6933544098477654,0,8,0.5333333333333333,0.5371194790297431,0.834315636254537,0.5968768283846219,True
4,fednova_sgd,0.1,15,101,0.1_15_101,Replay,0.9944700460829493,0,2,0.13333333333333333,0.6317731154768718,0.9008911693221713,0.03697185555052225,True
4,fednova_sgd,0.1,15,101,0.1_15_101,Unauth,0.9665327978580991,0,3,0.2,0.40503423186500115,0.8492307692307693,0.5114077247709665,True
4,fednova_sgd,0.1,15,101,0.1_15_101,Video,0.37071262071262073,0,2,0.13333333333333333,0.6807900050581678,0.9067543489042781,0.2192615116723609,True
5,fedavg_sgd,0.1,30,101,0.1_30_101,DoS,1.0,0,10,0.3333333333333333,0.18988379233158548,0.8387154653093393,0.6267179257735143,True
5,fedavg_sgd,0.1,30,101,0.1_30_101,Injection,0.9988193624557261,0,3,0.1,0.4531408325819619,0.9305867182462927,0.1258542538516419,True
5,fedavg_sgd,0.1,30,101,0.1_30_101,Ip Spoofing,0.0,1,3,0.1,0.38590057669505495,0.9213809650759797,0.004083024126072846,True
5,fedavg_sgd,0.1,30,101,0.1_30_101,MITM,0.0,1,4,0.13333333333333333,0.7567416893829628,0.9545522077278917,0.042388757475157225,True
5,fedavg_sgd,0.1,30,101,0.1_30_101,Manipulation,0.9753340184994861,0,2,0.06666666666666667,0.6165805391471502,0.9494289185905225,0.22406123931572255,True
5,fedavg_sgd,0.1,30,101,0.1_30_101,Password Cracking,0.0,1,1,0.03333333333333333,1.0,0.9666666666666667,0.22356638367497286,False
5,fedavg_sgd,0.1,30,101,0.1_30_101,Regular,0.9998938309907338,0,7,0.23333333333333334,0.30245732956654914,0.8908649930209419,0.6424542421313767,True
5,fedavg_sgd,0.1,30,101,0.1_30_101,Replay,0.0009216589861751152,0,2,0.06666666666666667,0.6087545048357998,0.9488792870645423,0.22482910272068282,True
5,fedavg_sgd,0.1,30,101,0.1_30_101,Unauth,0.0,1,2,0.06666666666666667,0.6032210387902697,0.9484786324786325,0.04762939033226952,True
5,fedavg_sgd,0.1,30,101,0.1_30_101,Video,0.0,1,5,0.16666666666666666,0.21183017105876717,0.853499023371725,0.025319028408620534,True
6,fednova_sgd,0.1,30,101,0.1_30_101,DoS,0.99989122631453,0,10,0.3333333333333333,0.18988379233158548,0.8387154653093393,0.6267179257735143,True
6,fednova_sgd,0.1,30,101,0.1_30_101,Injection,0.9763872491145218,0,3,0.1,0.4531408325819619,0.9305867182462927,0.1258542538516419,True
6,fednova_sgd,0.1,30,101,0.1_30_101,Ip Spoofing,0.9953325554259043,0,3,0.1,0.38590057669505495,0.9213809650759797,0.004083024126072846,True
6,fednova_sgd,0.1,30,101,0.1_30_101,MITM,0.2208638956805216,0,4,0.13333333333333333,0.7567416893829628,0.9545522077278917,0.042388757475157225,True
6,fednova_sgd,0.1,30,101,0.1_30_101,Manipulation,0.0,1,2,0.06666666666666667,0.6165805391471502,0.9494289185905225,0.22406123931572255,True
6,fednova_sgd,0.1,30,101,0.1_30_101,Password Cracking,0.0,1,1,0.03333333333333333,1.0,0.9666666666666667,0.22356638367497286,False
6,fednova_sgd,0.1,30,101,0.1_30_101,Regular,0.44271297208344884,0,7,0.23333333333333334,0.30245732956654914,0.8908649930209419,0.6424542421313767,True
6,fednova_sgd,0.1,30,101,0.1_30_101,Replay,0.005529953917050691,0,2,0.06666666666666667,0.6087545048357998,0.9488792870645423,0.22482910272068282,True
6,fednova_sgd,0.1,30,101,0.1_30_101,Unauth,0.0,1,2,0.06666666666666667,0.6032210387902697,0.9484786324786325,0.04762939033226952,True
6,fednova_sgd,0.1,30,101,0.1_30_101,Video,0.9023476523476524,0,5,0.16666666666666666,0.21183017105876717,0.853499023371725,0.025319028408620534,True
7,fedavg_sgd,0.3,10,101,0.3_10_101,DoS,0.999978245262906,0,5,0.5,0.3996931732022082,0.7663990777064611,0.9101846313837075,True
7,fedavg_sgd,0.3,10,101,0.3_10_101,Injection,0.0,1,2,0.2,0.5864700754613921,0.8415860735009671,0.02077323984406466,True
7,fedavg_sgd,0.3,10,101,0.3_10_101,Ip Spoofing,0.2310385064177363,0,3,0.3,0.566813534696977,0.83009864036257,0.2966566548316793,True
7,fedavg_sgd,0.3,10,101,0.3_10_101,MITM,0.0,1,2,0.2,0.7134537942675436,0.865338165610544,0.043403583610604424,True
7,fedavg_sgd,0.3,10,101,0.3_10_101,Manipulation,0.0,1,2,0.2,0.6182291323714177,0.8486269744835966,0.10285183817476404,True
7,fedavg_sgd,0.3,10,101,0.3_10_101,Password Cracking,0.0,1,1,0.1,1.0,0.9,0.10142959329749661,False
7,fedavg_sgd,0.3,10,101,0.3_10_101,Regular,0.4365728643808872,0,4,0.4,0.7064633688430162,0.8445878019424166,0.5209662521475525,True
7,fedavg_sgd,0.3,10,101,0.3_10_101,Replay,0.9732718894009217,0,3,0.3,0.3721221722918605,0.7507156359708345,0.40428543124529676,True
7,fedavg_sgd,0.3,10,101,0.3_10_101,Unauth,1.0,0,3,0.3,0.41148145226093946,0.7762393162393162,0.2734193687614005,True
7,fedavg_sgd,0.3,10,101,0.3_10_101,Video,0.96994671994672,0,2,0.2,0.500117631240607,0.8015338268520729,0.2041921342137795,True
8,fednova_sgd,0.3,10,101,0.3_10_101,DoS,0.999760697891966,0,5,0.5,0.3996931732022082,0.7663990777064611,0.9101846313837075,True
8,fednova_sgd,0.3,10,101,0.3_10_101,Injection,0.6741440377804014,0,2,0.2,0.5864700754613921,0.8415860735009671,0.02077323984406466,True
8,fednova_sgd,0.3,10,101,0.3_10_101,Ip Spoofing,0.8436406067677946,0,3,0.3,0.566813534696977,0.83009864036257,0.2966566548316793,True
8,fednova_sgd,0.3,10,101,0.3_10_101,MITM,0.1397347558716752,0,2,0.2,0.7134537942675436,0.865338165610544,0.043403583610604424,True
8,fednova_sgd,0.3,10,101,0.3_10_101,Manipulation,0.6176772867420349,0,2,0.2,0.6182291323714177,0.8486269744835966,0.10285183817476404,True
8,fednova_sgd,0.3,10,101,0.3_10_101,Password Cracking,0.0,1,1,0.1,1.0,0.9,0.10142959329749661,False
8,fednova_sgd,0.3,10,101,0.3_10_101,Regular,0.9961248311617839,0,4,0.4,0.7064633688430162,0.8445878019424166,0.5209662521475525,True
8,fednova_sgd,0.3,10,101,0.3_10_101,Replay,0.0,1,3,0.3,0.3721221722918605,0.7507156359708345,0.40428543124529676,True
8,fednova_sgd,0.3,10,101,0.3_10_101,Unauth,0.20883534136546184,0,3,0.3,0.41148145226093946,0.7762393162393162,0.2734193687614005,True
8,fednova_sgd,0.3,10,101,0.3_10_101,Video,0.061022311022311024,0,2,0.2,0.500117631240607,0.8015338268520729,0.2041921342137795,True
9,fedavg_sgd,0.3,15,101,0.3_15_101,DoS,0.999760697891966,0,6,0.4,0.3536554687864764,0.7965057296745793,0.9061439304374357,True
9,fedavg_sgd,0.3,15,101,0.3_15_101,Injection,0.58913813459268,0,4,0.26666666666666666,0.28721047255966387,0.7866924564796905,0.23204264688236295,True
9,fedavg_sgd,0.3,15,101,0.3_15_101,Ip Spoofing,0.8051341890315052,0,3,0.2,0.4322060105041926,0.8592197636185905,0.2931601090542769,True
9,fedavg_sgd,0.3,15,101,0.3_15_101,MITM,0.24079425057420167,0,5,0.3333333333333333,0.21133030089427357,0.7037446396614404,0.23644146704233526,True
9,fedavg_sgd,0.3,15,101,0.3_15_101,Manipulation,0.0,1,3,0.2,0.3743348948590714,0.8340542729850142,0.04551137098266982,True
9,fedavg_sgd,0.3,15,101,0.3_15_101,Password Cracking,0.0,1,1,0.06666666666666667,1.0,0.9333333333333333,0.19777668429977463,False
9,fedavg_sgd,0.3,15,101,0.3_15_101,Regular,0.9979120094844315,0,8,0.5333333333333333,0.32446816073445833,0.7725127070424614,0.9120268524297691,True
9,fedavg_sgd,0.3,15,101,0.3_15_101,Replay,0.9188940092165898,0,2,0.13333333333333333,0.6354022900321895,0.9013592582590692,0.27585225396512386,True
9,fedavg_sgd,0.3,15,101,0.3_15_101,Unauth,0.24364123159303883,0,4,0.26666666666666666,0.344191452991453,0.823065527065527,0.039239633844033034,True
9,fedavg_sgd,0.3,15,101,0.3_15_101,Video,0.33524808524808525,0,5,0.3333333333333333,0.21183017105876717,0.7069980467434499,0.16668868092136166,True
10,fednova_sgd,0.3,15,101,0.3_15_101,DoS,0.99989122631453,0,6,0.4,0.3536554687864764,0.7965057296745793,0.9061439304374357,True
10,fednova_sgd,0.3,15,101,0.3_15_101,Injection,0.9976387249114522,0,4,0.26666666666666666,0.28721047255966387,0.7866924564796905,0.23204264688236295,True
10,fednova_sgd,0.3,15,101,0.3_15_101,Ip Spoofing,0.9929988331388565,0,3,0.2,0.4322060105041926,0.8592197636185905,0.2931601090542769,True
10,fednova_sgd,0.3,15,101,0.3_15_101,MITM,0.108098095873157,0,5,0.3333333333333333,0.21133030089427357,0.7037446396614404,0.23644146704233526,True
10,fednova_sgd,0.3,15,101,0.3_15_101,Manipulation,0.0,1,3,0.2,0.3743348948590714,0.8340542729850142,0.04551137098266982,True
10,fednova_sgd,0.3,15,101,0.3_15_101,Password Cracking,0.0,1,1,0.06666666666666667,1.0,0.9333333333333333,0.19777668429977463,False
10,fednova_sgd,0.3,15,101,0.3_15_101,Regular,0.9949982600079037,0,8,0.5333333333333333,0.32446816073445833,0.7725127070424614,0.9120268524297691,True
10,fednova_sgd,0.3,15,101,0.3_15_101,Replay,0.5529953917050692,0,2,0.13333333333333333,0.6354022900321895,0.9013592582590692,0.27585225396512386,True
10,fednova_sgd,0.3,15,101,0.3_15_101,Unauth,0.0,1,4,0.26666666666666666,0.344191452991453,0.823065527065527,0.039239633844033034,True
10,fednova_sgd,0.3,15,101,0.3_15_101,Video,0.5280552780552781,0,5,0.3333333333333333,0.21183017105876717,0.7069980467434499,0.16668868092136166,True
11,fedavg_sgd,0.3,30,101,0.3_30_101,DoS,0.999847716840342,0,10,0.3333333333333333,0.13953016328230416,0.7855528881907526,0.6617368688846493,True
11,fedavg_sgd,0.3,30,101,0.3_30_101,Injection,0.9799291617473436,0,4,0.13333333333333333,0.3390949870739163,0.9049516441005803,0.15130164706932908,True
11,fedavg_sgd,0.3,30,101,0.3_30_101,Ip Spoofing,0.0,1,6,0.2,0.25625364205731044,0.8795432329156669,0.1075227359191711,True
11,fedavg_sgd,0.3,30,101,0.3_30_101,MITM,0.4827739497666148,0,6,0.2,0.2971474091170552,0.8964875947790396,0.36054279710639675,True
11,fedavg_sgd,0.3,30,101,0.3_30_101,Manipulation,0.0,1,4,0.13333333333333333,0.2502406363820241,0.8688294856217093,0.0019138448888016586,True
11,fedavg_sgd,0.3,30,101,0.3_30_101,Password Cracking,0.0,1,1,0.03333333333333333,1.0,0.9666666666666667,0.17909867440080143,False
11,fedavg_sgd,0.3,30,101,0.3_30_101,Regular,0.9884216797116921,0,12,0.4,0.1754015665535053,0.7812115473038724,0.7842806129140579,True
11,fedavg_sgd,0.3,30,101,0.3_30_101,Replay,0.9944700460829493,0,4,0.13333333333333333,0.25043120331669394,0.8695922225222792,0.2740314270539067,True
11,fedavg_sgd,0.3,30,101,0.3_30_101,Unauth,0.0,1,5,0.16666666666666666,0.2281414858645628,0.866883190883191,0.16803186051768226,True
11,fedavg_sgd,0.3,30,101,0.3_30_101,Video,0.0,1,4,0.13333333333333333,0.2655539368740262,0.8846947960102133,0.10893939971778345,True
12,fednova_sgd,0.3,30,101,0.3_30_101,DoS,0.999760697891966,0,10,0.3333333333333333,0.13953016328230416,0.7855528881907526,0.6617368688846493,True
12,fednova_sgd,0.3,30,101,0.3_30_101,Injection,0.0,1,4,0.13333333333333333,0.3390949870739163,0.9049516441005803,0.15130164706932908,True
12,fednova_sgd,0.3,30,101,0.3_30_101,Ip Spoofing,0.9988331388564761,0,6,0.2,0.25625364205731044,0.8795432329156669,0.1075227359191711,True
12,fednova_sgd,0.3,30,101,0.3_30_101,MITM,0.1538860487515744,0,6,0.2,0.2971474091170552,0.8964875947790396,0.36054279710639675,True
12,fednova_sgd,0.3,30,101,0.3_30_101,Manipulation,0.0,1,4,0.13333333333333333,0.2502406363820241,0.8688294856217093,0.0019138448888016586,True
12,fednova_sgd,0.3,30,101,0.3_30_101,Password Cracking,0.0,1,1,0.03333333333333333,1.0,0.9666666666666667,0.17909867440080143,False
12,fednova_sgd,0.3,30,101,0.3_30_101,Regular,0.9985195321485658,0,12,0.4,0.1754015665535053,0.7812115473038724,0.7842806129140579,True
12,fednova_sgd,0.3,30,101,0.3_30_101,Replay,0.0,1,4,0.13333333333333333,0.25043120331669394,0.8695922225222792,0.2740314270539067,True
12,fednova_sgd,0.3,30,101,0.3_30_101,Unauth,0.9678714859437751,0,5,0.16666666666666666,0.2281414858645628,0.866883190883191,0.16803186051768226,True
12,fednova_sgd,0.3,30,101,0.3_30_101,Video,0.12520812520812521,0,4,0.13333333333333333,0.2655539368740262,0.8846947960102133,0.10893939971778345,True
13,fedavg_sgd,1.0,10,101,1.0_10_101,DoS,0.999608414732308,0,7,0.7,0.2774375670312191,0.6608429052246475,0.8264572894003224,True
13,fedavg_sgd,1.0,10,101,1.0_10_101,Injection,0.5572609208972845,0,4,0.4,0.3390949870739162,0.7148549323017408,0.21002761703754486,True
13,fedavg_sgd,1.0,10,101,1.0_10_101,Ip Spoofing,0.38273045507584597,0,3,0.3,0.35932673352333094,0.7452945881098374,0.3139114896736092,True
13,fedavg_sgd,1.0,10,101,1.0_10_101,MITM,0.8207749870341557,0,6,0.6,0.2893182314182509,0.6798755163370738,0.6910203234979224,True
13,fedavg_sgd,1.0,10,101,1.0_10_101,Manipulation,0.9445015416238438,0,4,0.4,0.2502406363820241,0.6064884568651276,0.4213681828286953,True
13,fedavg_sgd,1.0,10,101,1.0_10_101,Password Cracking,0.0,1,1,0.1,1.0,0.9,0.12168425791652752,False
13,fedavg_sgd,1.0,10,101,1.0_10_101,Regular,0.9754277726331684,0,9,0.9,0.17955718567439208,0.45833941779067977,0.9817219674046403,True
13,fedavg_sgd,1.0,10,101,1.0_10_101,Replay,0.05161290322580645,0,4,0.4,0.25043120331669394,0.6087766675668377,0.3387365926212559,True
13,fedavg_sgd,1.0,10,101,1.0_10_101,Unauth,0.3092369477911647,0,3,0.3,0.3565688070713712,0.7376752136752136,0.20141182686377795,True
13,fedavg_sgd,1.0,10,101,1.0_10_101,Video,0.17499167499167498,0,3,0.3,0.3823639815965862,0.7626058524219769,0.20639340465331735,True
14,fednova_sgd,1.0,10,101,1.0_10_101,DoS,0.999869471577436,0,7,0.7,0.2774375670312191,0.6608429052246475,0.8264572894003224,True
14,fednova_sgd,1.0,10,101,1.0_10_101,Injection,0.012987012987012988,0,4,0.4,0.3390949870739162,0.7148549323017408,0.21002761703754486,True
14,fednova_sgd,1.0,10,101,1.0_10_101,Ip Spoofing,0.002333722287047841,0,3,0.3,0.35932673352333094,0.7452945881098374,0.3139114896736092,True
14,fednova_sgd,1.0,10,101,1.0_10_101,MITM,0.21738164036452545,0,6,0.6,0.2893182314182509,0.6798755163370738,0.6910203234979224,True
14,fednova_sgd,1.0,10,101,1.0_10_101,Manipulation,0.9958890030832477,0,4,0.4,0.2502406363820241,0.6064884568651276,0.4213681828286953,True
14,fednova_sgd,1.0,10,101,1.0_10_101,Password Cracking,0.0,1,1,0.1,1.0,0.9,0.12168425791652752,False
14,fednova_sgd,1.0,10,101,1.0_10_101,Regular,0.9943022631693809,0,9,0.9,0.17955718567439208,0.45833941779067977,0.9817219674046403,True
14,fednova_sgd,1.0,10,101,1.0_10_101,Replay,0.0,1,4,0.4,0.25043120331669394,0.6087766675668377,0.3387365926212559,True
14,fednova_sgd,1.0,10,101,1.0_10_101,Unauth,0.963855421686747,0,3,0.3,0.3565688070713712,0.7376752136752136,0.20141182686377795,True
14,fednova_sgd,1.0,10,101,1.0_10_101,Video,0.5435397935397935,0,3,0.3,0.3823639815965862,0.7626058524219769,0.20639340465331735,True
15,fedavg_sgd,1.0,15,101,1.0_15_101,DoS,0.9993256031500859,0,6,0.4,0.3334542534687013,0.8109073459765079,0.7816379721708815,True
15,fedavg_sgd,1.0,15,101,1.0_15_101,Injection,0.768595041322314,0,4,0.26666666666666666,0.29495130738638703,0.7924177949709865,0.3518311984157178,True
15,fedavg_sgd,1.0,15,101,1.0_15_101,Ip Spoofing,0.970828471411902,0,5,0.3333333333333333,0.28274280151081727,0.7781036168132942,0.5419422711827515,True
15,fedavg_sgd,1.0,15,101,1.0_15_101,MITM,0.0013336296954878863,0,5,0.3333333333333333,0.44876343102859184,0.857363032328985,0.17787083709668566,True
15,fedavg_sgd,1.0,15,101,1.0_15_101,Manipulation,0.0,1,1,0.06666666666666667,1.0,0.9333333333333333,0.019351460056685154,True
15,fedavg_sgd,1.0,15,101,1.0_15_101,Password Cracking,0.0,1,1,0.06666666666666667,1.0,0.9333333333333333,0.27309380583985465,False
15,fedavg_sgd,1.0,15,101,1.0_15_101,Regular,0.9944202287352322,0,13,0.8666666666666667,0.1260782489887245,0.47879315618675045,0.9946365834124762,True
15,fedavg_sgd,1.0,15,101,1.0_15_101,Replay,0.8018433179723502,0,4,0.26666666666666666,0.25043120331669394,0.7391844450445585,0.35952238989229446,True
15,fedavg_sgd,1.0,15,101,1.0_15_101,Unauth,0.0,1,5,0.3333333333333333,0.22814148586456273,0.7337663817663818,0.13276548958617232,True
15,fedavg_sgd,1.0,15,101,1.0_15_101,Video,0.6882284382284383,0,3,0.2,0.48073743468705993,0.8630528358958345,0.24857566221823693,True
16,fednova_sgd,1.0,15,101,1.0_15_101,DoS,0.9985424326147019,0,6,0.4,0.3334542534687013,0.8109073459765079,0.7816379721708815,True
16,fednova_sgd,1.0,15,101,1.0_15_101,Injection,0.0,1,4,0.26666666666666666,0.29495130738638703,0.7924177949709865,0.3518311984157178,True
16,fednova_sgd,1.0,15,101,1.0_15_101,Ip Spoofing,0.9358226371061844,0,5,0.3333333333333333,0.28274280151081727,0.7781036168132942,0.5419422711827515,True
16,fednova_sgd,1.0,15,101,1.0_15_101,MITM,0.17870637919537674,0,5,0.3333333333333333,0.44876343102859184,0.857363032328985,0.17787083709668566,True
16,fednova_sgd,1.0,15,101,1.0_15_101,Manipulation,0.0,1,1,0.06666666666666667,1.0,0.9333333333333333,0.019351460056685154,True
16,fednova_sgd,1.0,15,101,1.0_15_101,Password Cracking,0.0,1,1,0.06666666666666667,1.0,0.9333333333333333,0.27309380583985465,False
16,fednova_sgd,1.0,15,101,1.0_15_101,Regular,0.995428834323261,0,13,0.8666666666666667,0.1260782489887245,0.47879315618675045,0.9946365834124762,True
16,fednova_sgd,1.0,15,101,1.0_15_101,Replay,0.591705069124424,0,4,0.26666666666666666,0.25043120331669394,0.7391844450445585,0.35952238989229446,True
16,fednova_sgd,1.0,15,101,1.0_15_101,Unauth,0.998661311914324,0,5,0.3333333333333333,0.22814148586456273,0.7337663817663818,0.13276548958617232,True
16,fednova_sgd,1.0,15,101,1.0_15_101,Video,0.302031302031302,0,3,0.2,0.48073743468705993,0.8630528358958345,0.24857566221823693,True
17,fedavg_sgd,1.0,30,101,1.0_30_101,DoS,0.9998042073661539,0,11,0.36666666666666664,0.14631149746431477,0.793304151599645,0.707910992957609,True
17,fedavg_sgd,1.0,30,101,1.0_30_101,Injection,0.0,1,4,0.13333333333333333,0.2684068555009746,0.8866924564796906,0.10208257950013999,True
17,fedavg_sgd,1.0,30,101,1.0_30_101,Ip Spoofing,0.38739789964994165,0,7,0.23333333333333334,0.17689351976591897,0.8306229449924465,0.1444336646943755,True
17,fedavg_sgd,1.0,30,101,1.0_30_101,MITM,0.5852411647032674,0,6,0.2,0.23895372035760373,0.8691011889352858,0.23390951769248441,True
17,fedavg_sgd,1.0,30,101,1.0_30_101,Manipulation,0.0,1,4,0.13333333333333333,0.2502406363820241,0.8688294856217093,0.052317031312641794,True
17,fedavg_sgd,1.0,30,101,1.0_30_101,Password Cracking,0.0,1,1,0.03333333333333333,1.0,0.9666666666666667,0.08818708891867531,False
17,fedavg_sgd,1.0,30,101,1.0_30_101,Regular,0.9886045263387617,0,14,0.4666666666666667,0.12319740093080443,0.6999872646350244,0.6557967408361014,True
17,fedavg_sgd,1.0,30,101,1.0_30_101,Replay,0.8829493087557604,0,4,0.13333333333333333,0.25043120331669394,0.8695922225222792,0.1388111930392787,True
17,fedavg_sgd,1.0,30,101,1.0_30_101,Unauth,0.9825970548862115,0,4,0.13333333333333333,0.2660099057637519,0.8853903133903134,0.1866847555627076,True
17,fedavg_sgd,1.0,30,101,1.0_30_101,Video,0.0,1,5,0.16666666666666666,0.2118301710587672,0.853499023371725,0.04352311171180054,True
18,fednova_sgd,1.0,30,101,1.0_30_101,DoS,0.999825962103248,0,11,0.36666666666666664,0.14631149746431477,0.793304151599645,0.707910992957609,True
18,fednova_sgd,1.0,30,101,1.0_30_101,Injection,0.0,1,4,0.13333333333333333,0.2684068555009746,0.8866924564796906,0.10208257950013999,True
18,fednova_sgd,1.0,30,101,1.0_30_101,Ip Spoofing,0.20770128354725786,0,7,0.23333333333333334,0.17689351976591897,0.8306229449924465,0.1444336646943755,True
18,fednova_sgd,1.0,30,101,1.0_30_101,MITM,0.03015484922575387,0,6,0.2,0.23895372035760373,0.8691011889352858,0.23390951769248441,True
18,fednova_sgd,1.0,30,101,1.0_30_101,Manipulation,0.0842754367934224,0,4,0.13333333333333333,0.2502406363820241,0.8688294856217093,0.052317031312641794,True
18,fednova_sgd,1.0,30,101,1.0_30_101,Password Cracking,0.0,1,1,0.03333333333333333,1.0,0.9666666666666667,0.08818708891867531,False
18,fednova_sgd,1.0,30,101,1.0_30_101,Regular,0.9982128216773524,0,14,0.4666666666666667,0.12319740093080443,0.6999872646350244,0.6557967408361014,True
18,fednova_sgd,1.0,30,101,1.0_30_101,Replay,0.9658986175115207,0,4,0.13333333333333333,0.25043120331669394,0.8695922225222792,0.1388111930392787,True
18,fednova_sgd,1.0,30,101,1.0_30_101,Unauth,0.998661311914324,0,4,0.13333333333333333,0.2660099057637519,0.8853903133903134,0.1866847555627076,True
18,fednova_sgd,1.0,30,101,1.0_30_101,Video,0.3628871128871129,0,5,0.16666666666666666,0.2118301710587672,0.853499023371725,0.04352311171180054,True
19,fedavg_sgd,0.1,10,102,0.1_10_102,DoS,0.999499641046838,0,3,0.3,0.4294497776913206,0.7850662343247451,0.5086325334097321,True
19,fedavg_sgd,0.1,10,102,0.1_10_102,Injection,0.32231404958677684,0,3,0.3,0.340350556887863,0.7235203094777563,0.21883269879569625,True
19,fedavg_sgd,0.1,10,102,0.1_10_102,Ip Spoofing,0.1983663943990665,0,2,0.2,0.8723585023199358,0.8862969874700081,0.3138598646960498,True
19,fedavg_sgd,0.1,10,102,0.1_10_102,MITM,0.030599392457583165,0,3,0.3,0.40737883573807915,0.7749828356613053,0.20773611915975002,True
19,fedavg_sgd,0.1,10,102,0.1_10_102,Manipulation,0.0,1,1,0.1,1.0,0.9,0.012267675973735443,True
19,fedavg_sgd,0.1,10,102,0.1_10_102,Password Cracking,0.0,1,1,0.1,1.0,0.9,0.08196372112838249,False
19,fedavg_sgd,0.1,10,102,0.1_10_102,Regular,0.991919358739184,0,5,0.5,0.4447913336698713,0.7743183552158938,0.6959535319391179,True
19,fedavg_sgd,0.1,10,102,0.1_10_102,Replay,0.9935483870967742,0,3,0.3,0.3783965807405648,0.7526600054010262,0.4630458178652188,True
19,fedavg_sgd,0.1,10,102,0.1_10_102,Unauth,0.5408299866131191,0,3,0.3,0.43858268682884066,0.783076923076923,0.21029039282422113,True
19,fedavg_sgd,0.1,10,102,0.1_10_102,Video,0.7405927405927406,0,2,0.2,0.7387868447790882,0.8691067065890262,0.33584233824871335,True
20,fednova_sgd,0.1,10,102,0.1_10_102,DoS,0.9998042073661539,0,3,0.3,0.4294497776913206,0.7850662343247451,0.5086325334097321,True
20,fednova_sgd,0.1,10,102,0.1_10_102,Injection,0.07319952774498228,0,3,0.3,0.340350556887863,0.7235203094777563,0.21883269879569625,True
20,fednova_sgd,0.1,10,102,0.1_10_102,Ip Spoofing,0.0,1,2,0.2,0.8723585023199358,0.8862969874700081,0.3138598646960498,True
20,fednova_sgd,0.1,10,102,0.1_10_102,MITM,0.855523449655479,0,3,0.3,0.40737883573807915,0.7749828356613053,0.20773611915975002,True
20,fednova_sgd,0.1,10,102,0.1_10_102,Manipulation,0.0,1,1,0.1,1.0,0.9,0.012267675973735443,True
20,fednova_sgd,0.1,10,102,0.1_10_102,Password Cracking,0.0,1,1,0.1,1.0,0.9,0.08196372112838249,False
20,fednova_sgd,0.1,10,102,0.1_10_102,Regular,0.5984747052335423,0,5,0.5,0.4447913336698713,0.7743183552158938,0.6959535319391179,True
20,fednova_sgd,0.1,10,102,0.1_10_102,Replay,1.0,0,3,0.3,0.3783965807405648,0.7526600054010262,0.4630458178652188,True
20,fednova_sgd,0.1,10,102,0.1_10_102,Unauth,0.9531459170013387,0,3,0.3,0.43858268682884066,0.783076923076923,0.21029039282422113,True
20,fednova_sgd,0.1,10,102,0.1_10_102,Video,0.4115884115884116,0,2,0.2,0.7387868447790882,0.8691067065890262,0.33584233824871335,True
21,fedavg_sgd,0.1,15,102,0.1_15_102,DoS,0.999912981051624,0,4,0.26666666666666666,0.27390980370695284,0.7782559741456301,0.5435059033859474,True
21,fedavg_sgd,0.1,15,102,0.1_15_102,Injection,0.2550177095631641,0,3,0.2,0.3730630141906326,0.8346615087040619,0.07273726793177318,True
21,fedavg_sgd,0.1,15,102,0.1_15_102,Ip Spoofing,0.9906651108518086,0,4,0.26666666666666666,0.27696341315114337,0.7810717142095441,0.32497086211852166,True
21,fedavg_sgd,0.1,15,102,0.1_15_102,MITM,0.9442098244054234,0,5,0.3333333333333333,0.3271569213710702,0.8103473762010348,0.8010094310927472,True
21,fedavg_sgd,0.1,15,102,0.1_15_102,Manipulation,0.0,1,4,0.26666666666666666,0.2502406363820241,0.7376589712434184,0.006708921633284065,True
21,fedavg_sgd,0.1,15,102,0.1_15_102,Password Cracking,0.0,1,1,0.06666666666666667,1.0,0.9333333333333333,0.18508577652802957,False
21,fedavg_sgd,0.1,15,102,0.1_15_102,Regular,0.9521826578821642,0,3,0.2,0.624744207262024,0.8976144629992722,0.4138588414982964,True
21,fedavg_sgd,0.1,15,102,0.1_15_102,Replay,0.0,1,3,0.2,0.38387257662131613,0.836943019173643,0.017158561235129915,True
21,fedavg_sgd,0.1,15,102,0.1_15_102,Unauth,0.0,1,4,0.26666666666666666,0.32134987216012856,0.8117606837606838,0.018627315101189607,True
21,fedavg_sgd,0.1,15,102,0.1_15_102,Video,0.000333000333000333,0,2,0.13333333333333333,0.5021926043152636,0.8710813938536711,0.026209210454104466,True
22,fednova_sgd,0.1,15,102,0.1_15_102,DoS,0.99934735788718,0,4,0.26666666666666666,0.27390980370695284,0.7782559741456301,0.5435059033859474,True
22,fednova_sgd,0.1,15,102,0.1_15_102,Injection,0.0,1,3,0.2,0.3730630141906326,0.8346615087040619,0.07273726793177318,True
22,fednova_sgd,0.1,15,102,0.1_15_102,Ip Spoofing,0.002333722287047841,0,4,0.26666666666666666,0.27696341315114337,0.7810717142095441,0.32497086211852166,True
22,fednova_sgd,0.1,15,102,0.1_15_102,MITM,0.9887382381269911,0,5,0.3333333333333333,0.3271569213710702,0.8103473762010348,0.8010094310927472,True
22,fednova_sgd,0.1,15,102,0.1_15_102,Manipulation,0.15313463514902365,0,4,0.26666666666666666,0.2502406363820241,0.7376589712434184,0.006708921633284065,True
22,fednova_sgd,0.1,15,102,0.1_15_102,Password Cracking,0.0,1,1,0.06666666666666667,1.0,0.9333333333333333,0.18508577652802957,False
22,fednova_sgd,0.1,15,102,0.1_15_102,Regular,0.8660029137494766,0,3,0.2,0.624744207262024,0.8976144629992722,0.4138588414982964,True
22,fednova_sgd,0.1,15,102,0.1_15_102,Replay,0.9834101382488479,0,3,0.2,0.38387257662131613,0.836943019173643,0.017158561235129915,True
22,fednova_sgd,0.1,15,102,0.1_15_102,Unauth,0.7911646586345381,0,4,0.26666666666666666,0.32134987216012856,0.8117606837606838,0.018627315101189607,True
22,fednova_sgd,0.1,15,102,0.1_15_102,Video,0.04487179487179487,0,2,0.13333333333333333,0.5021926043152636,0.8710813938536711,0.026209210454104466,True
23,fedavg_sgd,0.1,30,102,0.1_30_102,DoS,0.999978245262906,0,9,0.3,0.31830586126763616,0.8974547417288697,0.4659382118782097,True
23,fedavg_sgd,0.1,30,102,0.1_30_102,Injection,0.011806375442739079,0,3,0.1,0.41260822555361426,0.9239845261121857,0.0761626549563234,True
23,fedavg_sgd,0.1,30,102,0.1_30_102,Ip Spoofing,0.9743290548424738,0,7,0.23333333333333334,0.176893519765919,0.8306229449924465,0.24285412641701262,True
23,fedavg_sgd,0.1,30,102,0.1_30_102,MITM,0.19441357338667853,0,3,0.1,0.5172796280002712,0.9402849842988508,0.1078124869193469,True
23,fedavg_sgd,0.1,30,102,0.1_30_102,Manipulation,0.19116135662898254,0,2,0.06666666666666667,0.5000049901894057,0.9334386391251519,0.03261675384001466,True
23,fedavg_sgd,0.1,30,102,0.1_30_102,Password Cracking,0.0,1,1,0.03333333333333333,1.0,0.9666666666666667,0.08114330256608694,False
23,fedavg_sgd,0.1,30,102,0.1_30_102,Regular,0.9896721147097163,0,7,0.23333333333333334,0.26198392568578754,0.8736465451806605,0.40363709594153263,True
23,fedavg_sgd,0.1,30,102,0.1_30_102,Replay,0.0,1,4,0.13333333333333333,0.25043120331669394,0.8695922225222792,0.0017222278549775315,True
23,fedavg_sgd,0.1,30,102,0.1_30_102,Unauth,0.9772423025435074,0,3,0.1,0.38275555555555557,0.9197606837606838,0.09417093541668799,True
23,fedavg_sgd,0.1,30,102,0.1_30_102,Video,0.7343489843489843,0,4,0.13333333333333333,0.2811618759734052,0.892333927270278,0.19767482961431956,True
24,fednova_sgd,0.1,30,102,0.1_30_102,DoS,1.0,0,9,0.3,0.31830586126763616,0.8974547417288697,0.4659382118782097,True
24,fednova_sgd,0.1,30,102,0.1_30_102,Injection,0.0,1,3,0.1,0.41260822555361426,0.9239845261121857,0.0761626549563234,True
24,fednova_sgd,0.1,30,102,0.1_30_102,Ip Spoofing,0.12485414235705951,0,7,0.23333333333333334,0.176893519765919,0.8306229449924465,0.24285412641701262,True
24,fednova_sgd,0.1,30,102,0.1_30_102,MITM,0.1137289768096614,0,3,0.1,0.5172796280002712,0.9402849842988508,0.1078124869193469,True
24,fednova_sgd,0.1,30,102,0.1_30_102,Manipulation,0.8180883864337102,0,2,0.06666666666666667,0.5000049901894057,0.9334386391251519,0.03261675384001466,True
24,fednova_sgd,0.1,30,102,0.1_30_102,Password Cracking,0.0,1,1,0.03333333333333333,1.0,0.9666666666666667,0.08114330256608694,False
24,fednova_sgd,0.1,30,102,0.1_30_102,Regular,0.9944851097964504,0,7,0.23333333333333334,0.26198392568578754,0.8736465451806605,0.40363709594153263,True
24,fednova_sgd,0.1,30,102,0.1_30_102,Replay,0.0,1,4,0.13333333333333333,0.25043120331669394,0.8695922225222792,0.0017222278549775315,True
24,fednova_sgd,0.1,30,102,0.1_30_102,Unauth,0.9959839357429718,0,3,0.1,0.38275555555555557,0.9197606837606838,0.09417093541668799,True
24,fednova_sgd,0.1,30,102,0.1_30_102,Video,0.4955044955044955,0,4,0.13333333333333333,0.2811618759734052,0.892333927270278,0.19767482961431956,True
25,fedavg_sgd,0.3,10,102,0.3_10_102,DoS,0.99989122631453,0,3,0.3,0.4050462592739401,0.7731000409863372,0.7041907389441158,True
25,fedavg_sgd,0.3,10,102,0.3_10_102,Injection,0.7343565525383707,0,3,0.3,0.3403505568878629,0.7235203094777563,0.6066386000422301,True
25,fedavg_sgd,0.3,10,102,0.3_10_102,Ip Spoofing,0.19253208868144692,0,3,0.3,0.36756774217713273,0.7503065849106905,0.2720050304122278,True
25,fedavg_sgd,0.3,10,102,0.3_10_102,MITM,0.0,1,3,0.3,0.49379331358344314,0.8088680540704807,0.04678385691602616,True
25,fedavg_sgd,0.3,10,102,0.3_10_102,Manipulation,0.36279547790339156,0,2,0.2,0.500000029527748,0.8000243013365734,0.32572849354594763,True
25,fedavg_sgd,0.3,10,102,0.3_10_102,Password Cracking,0.0,1,1,0.1,1.0,0.9,0.07159733261647479,False
25,fedavg_sgd,0.3,10,102,0.3_10_102,Regular,0.9384278729038994,0,3,0.3,0.4894725356504092,0.8100520704539143,0.4820321823598847,True
25,fedavg_sgd,0.3,10,102,0.3_10_102,Replay,0.7373271889400922,0,3,0.3,0.38026994775240075,0.7540642722117201,0.3973258261624224,True
25,fedavg_sgd,0.3,10,102,0.3_10_102,Unauth,0.13654618473895583,0,2,0.2,0.551968675578932,0.8322393162393162,0.32609684473718237,True
25,fedavg_sgd,0.3,10,102,0.3_10_102,Video,0.7037129537129537,0,4,0.4,0.27419165020286795,0.6689854699755691,0.2276638255875713,True
26,fednova_sgd,0.3,10,102,0.3_10_102,DoS,0.99978245262906,0,3,0.3,0.4050462592739401,0.7731000409863372,0.7041907389441158,True
26,fednova_sgd,0.3,10,102,0.3_10_102,Injection,0.706021251475797,0,3,0.3,0.3403505568878629,0.7235203094777563,0.6066386000422301,True
26,fednova_sgd,0.3,10,102,0.3_10_102,Ip Spoofing,0.29171528588098017,0,3,0.3,0.36756774217713273,0.7503065849106905,0.2720050304122278,True
26,fednova_sgd,0.3,10,102,0.3_10_102,MITM,0.0004445432318292954,0,3,0.3,0.49379331358344314,0.8088680540704807,0.04678385691602616,True
26,fednova_sgd,0.3,10,102,0.3_10_102,Manipulation,0.03186022610483042,0,2,0.2,0.500000029527748,0.8000243013365734,0.32572849354594763,True
26,fednova_sgd,0.3,10,102,0.3_10_102,Password Cracking,0.0,1,1,0.1,1.0,0.9,0.07159733261647479,False
26,fednova_sgd,0.3,10,102,0.3_10_102,Regular,0.9988439374546569,0,3,0.3,0.4894725356504092,0.8100520704539143,0.4820321823598847,True
26,fednova_sgd,0.3,10,102,0.3_10_102,Replay,0.9400921658986175,0,3,0.3,0.38026994775240075,0.7540642722117201,0.3973258261624224,True
26,fednova_sgd,0.3,10,102,0.3_10_102,Unauth,0.16331994645247658,0,2,0.2,0.551968675578932,0.8322393162393162,0.32609684473718237,True
26,fednova_sgd,0.3,10,102,0.3_10_102,Video,0.25424575424575424,0,4,0.4,0.27419165020286795,0.6689854699755691,0.2276638255875713,True
27,fedavg_sgd,0.3,15,102,0.3_15_102,DoS,0.999825962103248,0,5,0.3333333333333333,0.25074765757868933,0.7556867028611693,0.7840220229363729,True
27,fedavg_sgd,0.3,15,102,0.3_15_102,Injection,0.9976387249114522,0,4,0.26666666666666666,0.27420971308209463,0.7791102514506769,0.21850248497527117,True
27,fedavg_sgd,0.3,15,102,0.3_15_102,Ip Spoofing,0.0,1,4,0.26666666666666666,0.32095026148185773,0.8119257086999023,0.04901768364771859,True
27,fedavg_sgd,0.3,15,102,0.3_15_102,MITM,0.08890864636585907,0,2,0.13333333333333333,0.616328858666161,0.8988230703719128,0.22389334186618248,True
27,fedavg_sgd,0.3,15,102,0.3_15_102,Manipulation,0.16649537512846865,0,3,0.2,0.3751567111403764,0.8342810854597003,0.09739958941864695,True
27,fedavg_sgd,0.3,15,102,0.3_15_102,Password Cracking,0.0,1,1,0.06666666666666667,1.0,0.9333333333333333,0.06611950391652195,False
27,fedavg_sgd,0.3,15,102,0.3_15_102,Regular,0.9985667183749064,0,8,0.5333333333333333,0.19809222275638913,0.6897833073742842,0.904307755559917,True
27,fedavg_sgd,0.3,15,102,0.3_15_102,Replay,0.7695852534562212,0,3,0.2,0.38387257662131613,0.836943019173643,0.16832161151785804,True
27,fedavg_sgd,0.3,15,102,0.3_15_102,Unauth,0.0,1,2,0.13333333333333333,0.5497876543209876,0.8877037037037037,0.0020984855743069464,True
27,fedavg_sgd,0.3,15,102,0.3_15_102,Video,0.0,1,3,0.2,0.3964690691286019,0.8464544413625036,0.03975355817018755,True
28,fednova_sgd,0.3,15,102,0.3_15_102,DoS,0.999978245262906,0,5,0.3333333333333333,0.25074765757868933,0.7556867028611693,0.7840220229363729,True
28,fednova_sgd,0.3,15,102,0.3_15_102,Injection,0.22195985832349469,0,4,0.26666666666666666,0.27420971308209463,0.7791102514506769,0.21850248497527117,True
28,fednova_sgd,0.3,15,102,0.3_15_102,Ip Spoofing,0.13418903150525088,0,4,0.26666666666666666,0.32095026148185773,0.8119257086999023,0.04901768364771859,True
28,fednova_sgd,0.3,15,102,0.3_15_102,MITM,0.09624360969104245,0,2,0.13333333333333333,0.616328858666161,0.8988230703719128,0.22389334186618248,True
28,fednova_sgd,0.3,15,102,0.3_15_102,Manipulation,0.8139773895169579,0,3,0.2,0.3751567111403764,0.8342810854597003,0.09739958941864695,True
28,fednova_sgd,0.3,15,102,0.3_15_102,Password Cracking,0.0,1,1,0.06666666666666667,1.0,0.9333333333333333,0.06611950391652195,False
28,fednova_sgd,0.3,15,102,0.3_15_102,Regular,0.9989972926902637,0,8,0.5333333333333333,0.19809222275638913,0.6897833073742842,0.904307755559917,True
28,fednova_sgd,0.3,15,102,0.3_15_102,Replay,0.0,1,3,0.2,0.38387257662131613,0.836943019173643,0.16832161151785804,True
28,fednova_sgd,0.3,15,102,0.3_15_102,Unauth,0.6331994645247657,0,2,0.13333333333333333,0.5497876543209876,0.8877037037037037,0.0020984855743069464,True
28,fednova_sgd,0.3,15,102,0.3_15_102,Video,0.1665001665001665,0,3,0.2,0.3964690691286019,0.8464544413625036,0.03975355817018755,True
29,fedavg_sgd,0.3,30,102,0.3_30_102,DoS,0.999912981051624,0,9,0.3,0.28575069387348573,0.8888941159368204,0.5565163279106953,True
29,fedavg_sgd,0.3,30,102,0.3_30_102,Injection,0.0,1,4,0.13333333333333333,0.29495130738638703,0.8962088974854933,0.05061712777228455,True
29,fedavg_sgd,0.3,30,102,0.3_30_102,Ip Spoofing,0.009334889148191364,0,7,0.23333333333333334,0.176893519765919,0.8306229449924465,0.04687222399473146,True
29,fedavg_sgd,0.3,30,102,0.3_30_102,MITM,0.4589908868637475,0,7,0.23333333333333334,0.3017089060273916,0.8930697341122004,0.28429177507136805,True
29,fedavg_sgd,0.3,30,102,0.3_30_102,Manipulation,0.9373072970195272,0,4,0.13333333333333333,0.2502406363820241,0.8688294856217093,0.08058938050957108,True
29,fedavg_sgd,0.3,30,102,0.3_30_102,Password Cracking,0.0,1,1,0.03333333333333333,1.0,0.9666666666666667,0.07064901433500052,False
29,fedavg_sgd,0.3,30,102,0.3_30_102,Regular,0.972154228180794,0,8,0.26666666666666666,0.21796569431762192,0.8365095958631159,0.4229076303577192,True
29,fedavg_sgd,0.3,30,102,0.3_30_102,Replay,0.0,1,4,0.13333333333333333,0.25043120331669394,0.8695922225222792,0.07424043844953915,True
29,fedavg_sgd,0.3,30,102,0.3_30_102,Unauth,0.9959839357429718,0,4,0.13333333333333333,0.2660099057637519,0.8853903133903134,0.10473126641185942,True
29,fedavg_sgd,0.3,30,102,0.3_30_102,Video,0.5439560439560439,0,4,0.13333333333333333,0.28331498902346364,0.8930539992774787,0.3064807485342692,True
30,fednova_sgd,0.3,30,102,0.3_30_102,DoS,0.9998042073661539,0,9,0.3,0.28575069387348573,0.8888941159368204,0.5565163279106953,True
30,fednova_sgd,0.3,30,102,0.3_30_102,Injection,0.6682408500590319,0,4,0.13333333333333333,0.29495130738638703,0.8962088974854933,0.05061712777228455,True
30,fednova_sgd,0.3,30,102,0.3_30_102,Ip Spoofing,0.044340723453908985,0,7,0.23333333333333334,0.176893519765919,0.8306229449924465,0.04687222399473146,True
30,fednova_sgd,0.3,30,102,0.3_30_102,MITM,0.8252945098910869,0,7,0.23333333333333334,0.3017089060273916,0.8930697341122004,0.28429177507136805,True
30,fednova_sgd,0.3,30,102,0.3_30_102,Manipulation,0.9588900308324769,0,4,0.13333333333333333,0.2502406363820241,0.8688294856217093,0.08058938050957108,True
30,fednova_sgd,0.3,30,102,0.3_30_102,Password Cracking,0.0,1,1,0.03333333333333333,1.0,0.9666666666666667,0.07064901433500052,False
30,fednova_sgd,0.3,30,102,0.3_30_102,Regular,0.8922856418211524,0,8,0.26666666666666666,0.21796569431762192,0.8365095958631159,0.4229076303577192,True
30,fednova_sgd,0.3,30,102,0.3_30_102,Replay,0.008294930875576038,0,4,0.13333333333333333,0.25043120331669394,0.8695922225222792,0.07424043844953915,True
30,fednova_sgd,0.3,30,102,0.3_30_102,Unauth,0.18340026773761714,0,4,0.13333333333333333,0.2660099057637519,0.8853903133903134,0.10473126641185942,True
30,fednova_sgd,0.3,30,102,0.3_30_102,Video,0.5077422577422578,0,4,0.13333333333333333,0.28331498902346364,0.8930539992774787,0.3064807485342692,True
31,fedavg_sgd,1.0,10,102,1.0_10_102,DoS,0.9999347357887179,0,4,0.4,0.3656011364652428,0.747700222295356,0.6389121175449579,True
31,fedavg_sgd,1.0,10,102,1.0_10_102,Injection,0.9763872491145218,0,4,0.4,0.30730168469334695,0.7013152804642167,0.3636742473217799,True
31,fedavg_sgd,1.0,10,102,1.0_10_102,Ip Spoofing,0.11785297549591599,0,5,0.5,0.3109597504648365,0.6985870434550787,0.39585567702669894,True
31,fedavg_sgd,1.0,10,102,1.0_10_102,MITM,0.7466103578573017,0,4,0.4,0.3940883154867553,0.7620549934156472,0.6308702482928875,True
31,fedavg_sgd,1.0,10,102,1.0_10_102,Manipulation,0.03699897225077081,0,3,0.3,0.3750839547693957,0.7516646415552856,0.217048613985625,True
31,fedavg_sgd,1.0,10,102,1.0_10_102,Password Cracking,0.0,1,1,0.1,1.0,0.9,0.09353794807922527,False
31,fedavg_sgd,1.0,10,102,1.0_10_102,Regular,0.9784712842321326,0,9,0.9,0.15794987759053136,0.4237825909123404,0.8990936328264164,True
31,fedavg_sgd,1.0,10,102,1.0_10_102,Replay,0.9953917050691244,0,4,0.4,0.25043120331669394,0.6087766675668377,0.4555881015123793,True
31,fedavg_sgd,1.0,10,102,1.0_10_102,Unauth,0.0,1,4,0.4,0.3456641683103221,0.7352820512820513,0.29905047248481714,True
31,fedavg_sgd,1.0,10,102,1.0_10_102,Video,0.5323010323010323,0,4,0.4,0.32864021578132724,0.7018993736108305,0.4564038691757956,True
32,fednova_sgd,1.0,10,102,1.0_10_102,DoS,0.999760697891966,0,4,0.4,0.3656011364652428,0.747700222295356,0.6389121175449579,True
32,fednova_sgd,1.0,10,102,1.0_10_102,Injection,0.9976387249114522,0,4,0.4,0.30730168469334695,0.7013152804642167,0.3636742473217799,True
32,fednova_sgd,1.0,10,102,1.0_10_102,Ip Spoofing,0.7199533255542591,0,5,0.5,0.3109597504648365,0.6985870434550787,0.39585567702669894,True
32,fednova_sgd,1.0,10,102,1.0_10_102,MITM,0.21404756612580572,0,4,0.4,0.3940883154867553,0.7620549934156472,0.6308702482928875,True
32,fednova_sgd,1.0,10,102,1.0_10_102,Manipulation,0.0,1,3,0.3,0.3750839547693957,0.7516646415552856,0.217048613985625,True
32,fednova_sgd,1.0,10,102,1.0_10_102,Password Cracking,0.0,1,1,0.1,1.0,0.9,0.09353794807922527,False
32,fednova_sgd,1.0,10,102,1.0_10_102,Regular,0.9940132475330451,0,9,0.9,0.15794987759053136,0.4237825909123404,0.8990936328264164,True
32,fednova_sgd,1.0,10,102,1.0_10_102,Replay,0.8682027649769585,0,4,0.4,0.25043120331669394,0.6087766675668377,0.4555881015123793,True
32,fednova_sgd,1.0,10,102,1.0_10_102,Unauth,0.0,1,4,0.4,0.3456641683103221,0.7352820512820513,0.29905047248481714,True
32,fednova_sgd,1.0,10,102,1.0_10_102,Video,0.6087246087246088,0,4,0.4,0.32864021578132724,0.7018993736108305,0.4564038691757956,True
33,fedavg_sgd,1.0,15,102,1.0_15_102,DoS,0.9995649052581199,0,7,0.4666666666666667,0.25244846220388384,0.7380515404872999,0.670347543069649,True
33,fedavg_sgd,1.0,15,102,1.0_15_102,Injection,0.6871310507674144,0,3,0.2,0.4531408325819619,0.8611734364925854,0.29464514106641393,True
33,fedavg_sgd,1.0,15,102,1.0_15_102,Ip Spoofing,0.0,1,4,0.26666666666666666,0.4746605561719577,0.8633608815426997,0.1951010221745557,True
33,fedavg_sgd,1.0,15,102,1.0_15_102,MITM,0.3984589167963251,0,7,0.4666666666666667,0.20162882698458365,0.6990879451941727,0.5306266342095937,True
33,fedavg_sgd,1.0,15,102,1.0_15_102,Manipulation,0.0,1,3,0.2,0.3751567111403764,0.8342810854597003,0.19013107163221435,True
33,fedavg_sgd,1.0,15,102,1.0_15_102,Password Cracking,0.0,1,1,0.06666666666666667,1.0,0.9333333333333333,0.07176057916713563,False
33,fedavg_sgd,1.0,15,102,1.0_15_102,Regular,0.9867288738417256,0,11,0.7333333333333333,0.12883112740848582,0.5161638736761179,0.6283285320553903,True
33,fedavg_sgd,1.0,15,102,1.0_15_102,Replay,0.9944700460829493,0,4,0.26666666666666666,0.25043120331669394,0.7391844450445585,0.29082489272701734,True
33,fedavg_sgd,1.0,15,102,1.0_15_102,Unauth,0.16331994645247658,0,4,0.26666666666666666,0.2521532909635473,0.7466210826210826,0.24693854581274924,True
33,fedavg_sgd,1.0,15,102,1.0_15_102,Video,0.5396270396270396,0,5,0.3333333333333333,0.21183017105876717,0.7069980467434499,0.3746819947891329,True
34,fednova_sgd,1.0,15,102,1.0_15_102,DoS,0.999608414732308,0,7,0.4666666666666667,0.25244846220388384,0.7380515404872999,0.670347543069649,True
34,fednova_sgd,1.0,15,102,1.0_15_102,Injection,0.8146399055489965,0,3,0.2,0.4531408325819619,0.8611734364925854,0.29464514106641393,True
34,fednova_sgd,1.0,15,102,1.0_15_102,Ip Spoofing,0.011668611435239206,0,4,0.26666666666666666,0.4746605561719577,0.8633608815426997,0.1951010221745557,True
34,fednova_sgd,1.0,15,102,1.0_15_102,MITM,0.4021634437282359,0,7,0.4666666666666667,0.20162882698458365,0.6990879451941727,0.5306266342095937,True
34,fednova_sgd,1.0,15,102,1.0_15_102,Manipulation,0.0,1,3,0.2,0.3751567111403764,0.8342810854597003,0.19013107163221435,True
34,fednova_sgd,1.0,15,102,1.0_15_102,Password Cracking,0.0,1,1,0.06666666666666667,1.0,0.9333333333333333,0.07176057916713563,False
34,fednova_sgd,1.0,15,102,1.0_15_102,Regular,0.9877374794297544,0,11,0.7333333333333333,0.12883112740848582,0.5161638736761179,0.6283285320553903,True
34,fednova_sgd,1.0,15,102,1.0_15_102,Replay,0.9944700460829493,0,4,0.26666666666666666,0.25043120331669394,0.7391844450445585,0.29082489272701734,True
34,fednova_sgd,1.0,15,102,1.0_15_102,Unauth,0.041499330655957165,0,4,0.26666666666666666,0.2521532909635473,0.7466210826210826,0.24693854581274924,True
34,fednova_sgd,1.0,15,102,1.0_15_102,Video,0.5426240426240426,0,5,0.3333333333333333,0.21183017105876717,0.7069980467434499,0.3746819947891329,True
35,fedavg_sgd,1.0,30,102,1.0_30_102,DoS,0.9996954336806839,0,10,0.3333333333333333,0.16898363673617375,0.8210504212708994,0.5393489299676949,True
35,fedavg_sgd,1.0,30,102,1.0_30_102,Injection,0.9775678866587958,0,4,0.13333333333333333,0.28721047255966387,0.8933462282398453,0.13148184149550585,True
35,fedavg_sgd,1.0,30,102,1.0_30_102,Ip Spoofing,0.9953325554259043,0,7,0.23333333333333334,0.176893519765919,0.8306229449924465,0.2280047364754186,True
35,fedavg_sgd,1.0,30,102,1.0_30_102,MITM,0.3331851522560569,0,7,0.23333333333333334,0.19743516355061153,0.8452579528102617,0.1988347637947986,True
35,fedavg_sgd,1.0,30,102,1.0_30_102,Manipulation,0.0,1,4,0.13333333333333333,0.2502406363820241,0.8688294856217093,0.05229098627891813,True
35,fedavg_sgd,1.0,30,102,1.0_30_102,Password Cracking,0.0,1,1,0.03333333333333333,1.0,0.9666666666666667,0.06611950391652195,False
35,fedavg_sgd,1.0,30,102,1.0_30_102,Regular,0.9905391616187235,0,17,0.5666666666666667,0.08926359586679522,0.6440342432868805,0.667684438371404,True
35,fedavg_sgd,1.0,30,102,1.0_30_102,Replay,0.17695852534562212,0,3,0.1,0.36712837442894874,0.915536952020884,0.07018531971674165,True
35,fedavg_sgd,1.0,30,102,1.0_30_102,Unauth,0.0,1,4,0.13333333333333333,0.3026608809993425,0.8986780626780626,0.04602483021893641,True
35,fedavg_sgd,1.0,30,102,1.0_30_102,Video,0.000666000666000666,0,3,0.1,0.5051916432684074,0.9344777334876345,0.06868586991807907,True
36,fednova_sgd,1.0,30,102,1.0_30_102,DoS,0.99978245262906,0,10,0.3333333333333333,0.16898363673617375,0.8210504212708994,0.5393489299676949,True
36,fednova_sgd,1.0,30,102,1.0_30_102,Injection,0.0011806375442739079,0,4,0.13333333333333333,0.28721047255966387,0.8933462282398453,0.13148184149550585,True
36,fednova_sgd,1.0,30,102,1.0_30_102,Ip Spoofing,0.7386231038506418,0,7,0.23333333333333334,0.176893519765919,0.8306229449924465,0.2280047364754186,True
36,fednova_sgd,1.0,30,102,1.0_30_102,MITM,0.5112247166036897,0,7,0.23333333333333334,0.19743516355061153,0.8452579528102617,0.1988347637947986,True
36,fednova_sgd,1.0,30,102,1.0_30_102,Manipulation,0.5210688591983555,0,4,0.13333333333333333,0.2502406363820241,0.8688294856217093,0.05229098627891813,True
36,fednova_sgd,1.0,30,102,1.0_30_102,Password Cracking,0.0,1,1,0.03333333333333333,1.0,0.9666666666666667,0.06611950391652195,False
36,fednova_sgd,1.0,30,102,1.0_30_102,Regular,0.9794445001504061,0,17,0.5666666666666667,0.08926359586679522,0.6440342432868805,0.667684438371404,True
36,fednova_sgd,1.0,30,102,1.0_30_102,Replay,0.0,1,3,0.1,0.36712837442894874,0.915536952020884,0.07018531971674165,True
36,fednova_sgd,1.0,30,102,1.0_30_102,Unauth,0.9678714859437751,0,4,0.13333333333333333,0.3026608809993425,0.8986780626780626,0.04602483021893641,True
36,fednova_sgd,1.0,30,102,1.0_30_102,Video,0.2597402597402597,0,3,0.1,0.5051916432684074,0.9344777334876345,0.06868586991807907,True
37,fedavg_sgd,0.1,10,103,0.1_10_103,DoS,0.999847716840342,0,3,0.3,0.36266825571628114,0.7464187430721985,0.4904870514324303,True
37,fedavg_sgd,0.1,10,103,0.1_10_103,Injection,0.7969303423848878,0,3,0.3,0.3824087036877687,0.7568665377176016,0.2790771872479794,True
37,fedavg_sgd,0.1,10,103,0.1_10_103,Ip Spoofing,0.1516919486581097,0,3,0.3,0.3650105284285338,0.7448680351906158,0.1754923674098493,True
37,fedavg_sgd,0.1,10,103,0.1_10_103,MITM,0.9274653626731867,0,4,0.4,0.3140771356496166,0.7004479611016692,0.49814568661685243,True
37,fedavg_sgd,0.1,10,103,0.1_10_103,Manipulation,0.0,1,1,0.1,1.0,0.9,0.003306789103129962,True
37,fedavg_sgd,0.1,10,103,0.1_10_103,Password Cracking,0.0,1,1,0.1,1.0,0.9,0.07762396738417635,False
37,fedavg_sgd,0.1,10,103,0.1_10_103,Regular,0.9139146283199934,0,4,0.4,0.28662724750949353,0.6851022013039294,0.428398016484646,True
37,fedavg_sgd,0.1,10,103,0.1_10_103,Replay,0.9944700460829493,0,3,0.3,0.38387257662131613,0.7554145287604646,0.26358783362060384,True
37,fedavg_sgd,0.1,10,103,0.1_10_103,Unauth,0.09103078982597054,0,3,0.3,0.43858268682884066,0.783076923076923,0.3613064747023657,True
37,fedavg_sgd,0.1,10,103,0.1_10_103,Video,0.41375291375291373,0,2,0.2,0.7126810326740602,0.8652197872848509,0.2958306551907287,True
38,fednova_sgd,0.1,10,103,0.1_10_103,DoS,0.999738943154872,0,3,0.3,0.36266825571628114,0.7464187430721985,0.4904870514324303,True
38,fednova_sgd,0.1,10,103,0.1_10_103,Injection,0.08736717827626919,0,3,0.3,0.3824087036877687,0.7568665377176016,0.2790771872479794,True
38,fednova_sgd,0.1,10,103,0.1_10_103,Ip Spoofing,0.2847141190198366,0,3,0.3,0.3650105284285338,0.7448680351906158,0.1754923674098493,True
38,fednova_sgd,0.1,10,103,0.1_10_103,MITM,0.9283544491368452,0,4,0.4,0.3140771356496166,0.7004479611016692,0.49814568661685243,True
38,fednova_sgd,0.1,10,103,0.1_10_103,Manipulation,0.0,1,1,0.1,1.0,0.9,0.003306789103129962,True
38,fednova_sgd,0.1,10,103,0.1_10_103,Password Cracking,0.0,1,1,0.1,1.0,0.9,0.07762396738417635,False
38,fednova_sgd,0.1,10,103,0.1_10_103,Regular,0.9221014385900755,0,4,0.4,0.28662724750949353,0.6851022013039294,0.428398016484646,True
38,fednova_sgd,0.1,10,103,0.1_10_103,Replay,0.9741935483870968,0,3,0.3,0.38387257662131613,0.7554145287604646,0.26358783362060384,True
38,fednova_sgd,0.1,10,103,0.1_10_103,Unauth,0.9625167336010709,0,3,0.3,0.43858268682884066,0.783076923076923,0.3613064747023657,True
38,fednova_sgd,0.1,10,103,0.1_10_103,Video,0.28504828504828505,0,2,0.2,0.7126810326740602,0.8652197872848509,0.2958306551907287,True
39,fedavg_sgd,0.1,15,103,0.1_15_103,DoS,0.999869471577436,0,4,0.26666666666666666,0.39568601154893385,0.8465433846100006,0.5867146143335122,True
39,fedavg_sgd,0.1,15,103,0.1_15_103,Injection,0.0,1,2,0.13333333333333333,0.5000545476993067,0.8673629916183108,0.0016617661695475885,True
39,fedavg_sgd,0.1,15,103,0.1_15_103,Ip Spoofing,0.3220536756126021,0,7,0.4666666666666667,0.17689351976591897,0.6612458899848929,0.26055544755134824,True
39,fedavg_sgd,0.1,15,103,0.1_15_103,MITM,0.16070237830629028,0,2,0.13333333333333333,0.6487419133782975,0.9030280519694907,0.24137839620263407,True
39,fedavg_sgd,0.1,15,103,0.1_15_103,Manipulation,0.9455292908530318,0,2,0.13333333333333333,0.5000049901894057,0.8668772782503038,0.28787808319713953,True
39,fedavg_sgd,0.1,15,103,0.1_15_103,Password Cracking,0.0,1,1,0.06666666666666667,1.0,0.9333333333333333,0.2958753038199693,False
39,fedavg_sgd,0.1,15,103,0.1_15_103,Regular,0.9943199580042585,0,4,0.26666666666666666,0.4447315504341572,0.8584215726144337,0.6079943370655246,True
39,fedavg_sgd,0.1,15,103,0.1_15_103,Replay,0.0,1,2,0.13333333333333333,0.6087545048357998,0.8977585741290846,0.06706038075978944,True
39,fedavg_sgd,0.1,15,103,0.1_15_103,Unauth,0.9772423025435074,0,2,0.13333333333333333,0.5066370954781211,0.8743475783475783,0.28787808319713953,True
39,fedavg_sgd,0.1,15,103,0.1_15_103,Video,0.45879120879120877,0,3,0.2,0.3716756675392001,0.8357537794595785,0.24591813859864697,True
40,fednova_sgd,0.1,15,103,0.1_15_103,DoS,0.999760697891966,0,4,0.26666666666666666,0.39568601154893385,0.8465433846100006,0.5867146143335122,True
40,fednova_sgd,0.1,15,103,0.1_15_103,Injection,0.36363636363636365,0,2,0.13333333333333333,0.5000545476993067,0.8673629916183108,0.0016617661695475885,True
40,fednova_sgd,0.1,15,103,0.1_15_103,Ip Spoofing,0.9929988331388565,0,7,0.4666666666666667,0.17689351976591897,0.6612458899848929,0.26055544755134824,True
40,fednova_sgd,0.1,15,103,0.1_15_103,MITM,0.09342816922279025,0,2,0.13333333333333333,0.6487419133782975,0.9030280519694907,0.24137839620263407,True
40,fednova_sgd,0.1,15,103,0.1_15_103,Manipulation,0.0,1,2,0.13333333333333333,0.5000049901894057,0.8668772782503038,0.28787808319713953,True
40,fednova_sgd,0.1,15,103,0.1_15_103,Password Cracking,0.0,1,1,0.06666666666666667,1.0,0.9333333333333333,0.2958753038199693,False
40,fednova_sgd,0.1,15,103,0.1_15_103,Regular,0.9992096307087961,0,4,0.26666666666666666,0.4447315504341572,0.8584215726144337,0.6079943370655246,True
40,fednova_sgd,0.1,15,103,0.1_15_103,Replay,0.0,1,2,0.13333333333333333,0.6087545048357998,0.8977585741290846,0.06706038075978944,True
40,fednova_sgd,0.1,15,103,0.1_15_103,Unauth,0.5542168674698795,0,2,0.13333333333333333,0.5066370954781211,0.8743475783475783,0.28787808319713953,True
40,fednova_sgd,0.1,15,103,0.1_15_103,Video,0.21053946053946054,0,3,0.2,0.3716756675392001,0.8357537794595785,0.24591813859864697,True
41,fedavg_sgd,0.1,30,103,0.1_30_103,DoS,1.0,0,10,0.3333333333333333,0.18540503956527135,0.8318805729472677,0.6829891513132743,True
41,fedavg_sgd,0.1,30,103,0.1_30_103,Injection,0.8441558441558441,0,2,0.06666666666666667,0.5000545476993067,0.9336814958091554,0.08873217426732065,True
41,fedavg_sgd,0.1,30,103,0.1_30_103,Ip Spoofing,0.0,1,2,0.06666666666666667,0.7925074774337257,0.9588287567759708,0.0034891043391956362,True
41,fedavg_sgd,0.1,30,103,0.1_30_103,MITM,7.40905386382159e-05,0,4,0.13333333333333333,0.45239411694064874,0.9292097651018042,0.06026588258712762,True
41,fedavg_sgd,0.1,30,103,0.1_30_103,Manipulation,0.0,1,2,0.06666666666666667,0.500000029527748,0.9333414337788579,0.035386829212481895,True
41,fedavg_sgd,0.1,30,103,0.1_30_103,Password Cracking,0.0,1,1,0.03333333333333333,1.0,0.9666666666666667,0.06611950391652195,False
41,fedavg_sgd,0.1,30,103,0.1_30_103,Regular,0.9997935602597602,0,17,0.5666666666666667,0.11900010938811188,0.6786696700251309,0.6351662835876289,True
41,fedavg_sgd,0.1,30,103,0.1_30_103,Replay,0.9880184331797235,0,3,0.1,0.38387257662131613,0.9184715095868214,0.16110062591797117,True
41,fedavg_sgd,0.1,30,103,0.1_30_103,Unauth,0.0,1,1,0.03333333333333333,1.0,0.9666666666666667,0.022299199766338842,True
41,fedavg_sgd,0.1,30,103,0.1_30_103,Video,0.0,1,4,0.13333333333333333,0.3286402157813272,0.9006331245369436,0.12363205436714754,True
42,fednova_sgd,0.1,30,103,0.1_30_103,DoS,1.0,0,10,0.3333333333333333,0.18540503956527135,0.8318805729472677,0.6829891513132743,True
42,fednova_sgd,0.1,30,103,0.1_30_103,Injection,0.9728453364817001,0,2,0.06666666666666667,0.5000545476993067,0.9336814958091554,0.08873217426732065,True
42,fednova_sgd,0.1,30,103,0.1_30_103,Ip Spoofing,0.0,1,2,0.06666666666666667,0.7925074774337257,0.9588287567759708,0.0034891043391956362,True
42,fednova_sgd,0.1,30,103,0.1_30_103,MITM,0.01785581981181003,0,4,0.13333333333333333,0.45239411694064874,0.9292097651018042,0.06026588258712762,True
42,fednova_sgd,0.1,30,103,0.1_30_103,Manipulation,0.0,1,2,0.06666666666666667,0.500000029527748,0.9333414337788579,0.035386829212481895,True
42,fednova_sgd,0.1,30,103,0.1_30_103,Password Cracking,0.0,1,1,0.03333333333333333,1.0,0.9666666666666667,0.06611950391652195,False
42,fednova_sgd,0.1,30,103,0.1_30_103,Regular,0.9992863083265995,0,17,0.5666666666666667,0.11900010938811188,0.6786696700251309,0.6351662835876289,True
42,fednova_sgd,0.1,30,103,0.1_30_103,Replay,0.9944700460829493,0,3,0.1,0.38387257662131613,0.9184715095868214,0.16110062591797117,True
42,fednova_sgd,0.1,30,103,0.1_30_103,Unauth,0.0,1,1,0.03333333333333333,1.0,0.9666666666666667,0.022299199766338842,True
42,fednova_sgd,0.1,30,103,0.1_30_103,Video,0.13444888444888445,0,4,0.13333333333333333,0.3286402157813272,0.9006331245369436,0.12363205436714754,True
43,fedavg_sgd,0.3,10,103,0.3_10_103,DoS,0.9986729610372659,0,5,0.5,0.2892522141352194,0.6822212171932638,0.8800984316238799,True
43,fedavg_sgd,0.3,10,103,0.3_10_103,Injection,0.3707201889020071,0,2,0.2,0.7608179910134724,0.8722243713733075,0.09829860817200141,True
43,fedavg_sgd,0.3,10,103,0.3_10_103,Ip Spoofing,0.3045507584597433,0,5,0.5,0.28924440019584935,0.6701412956544921,0.3718323890458309,True
43,fedavg_sgd,0.3,10,103,0.3_10_103,MITM,0.8535230051122472,0,4,0.4,0.26300820219917775,0.6474624916992132,0.6015258669042965,True
43,fedavg_sgd,0.3,10,103,0.3_10_103,Manipulation,0.12744090441932168,0,1,0.1,1.0,0.9,0.14821158985397107,True
43,fedavg_sgd,0.3,10,103,0.3_10_103,Password Cracking,0.0,1,1,0.1,1.0,0.9,0.09748004996925756,False
43,fedavg_sgd,0.3,10,103,0.3_10_103,Regular,0.9805651730259937,0,4,0.4,0.7055776113104298,0.8489571259640887,0.6199759827581877,True
43,fedavg_sgd,0.3,10,103,0.3_10_103,Replay,0.9576036866359448,0,2,0.2,0.6249324962885265,0.8499864974345126,0.22600857067645463,True
43,fedavg_sgd,0.3,10,103,0.3_10_103,Unauth,0.02677376171352075,0,2,0.2,0.5002782380013149,0.8023589743589744,0.09814419832921109,True
43,fedavg_sgd,0.3,10,103,0.3_10_103,Video,0.07459207459207459,0,2,0.2,0.6807900050581678,0.8601315233564172,0.24569163982322864,True
44,fednova_sgd,0.3,10,103,0.3_10_103,DoS,0.99923858420171,0,5,0.5,0.2892522141352194,0.6822212171932638,0.8800984316238799,True
44,fednova_sgd,0.3,10,103,0.3_10_103,Injection,0.3400236127508855,0,2,0.2,0.7608179910134724,0.8722243713733075,0.09829860817200141,True
44,fednova_sgd,0.3,10,103,0.3_10_103,Ip Spoofing,0.9929988331388565,0,5,0.5,0.28924440019584935,0.6701412956544921,0.3718323890458309,True
44,fednova_sgd,0.3,10,103,0.3_10_103,MITM,0.973920130399348,0,4,0.4,0.26300820219917775,0.6474624916992132,0.6015258669042965,True
44,fednova_sgd,0.3,10,103,0.3_10_103,Manipulation,0.0,1,1,0.1,1.0,0.9,0.14821158985397107,True
44,fednova_sgd,0.3,10,103,0.3_10_103,Password Cracking,0.0,1,1,0.1,1.0,0.9,0.09748004996925756,False
44,fednova_sgd,0.3,10,103,0.3_10_103,Regular,0.8933296370789366,0,4,0.4,0.7055776113104298,0.8489571259640887,0.6199759827581877,True
44,fednova_sgd,0.3,10,103,0.3_10_103,Replay,0.35207373271889403,0,2,0.2,0.6249324962885265,0.8499864974345126,0.22600857067645463,True
44,fednova_sgd,0.3,10,103,0.3_10_103,Unauth,0.536813922356091,0,2,0.2,0.5002782380013149,0.8023589743589744,0.09814419832921109,True
44,fednova_sgd,0.3,10,103,0.3_10_103,Video,0.1773226773226773,0,2,0.2,0.6807900050581678,0.8601315233564172,0.24569163982322864,True
45,fedavg_sgd,0.3,15,103,0.3_15_103,DoS,0.999760697891966,0,7,0.4666666666666667,0.23013546068371868,0.7328787820664249,0.7186122461888209,True
45,fedavg_sgd,0.3,15,103,0.3_15_103,Injection,0.0,1,3,0.2,0.393674113038696,0.8445647969052225,0.042880822576579374,True
45,fedavg_sgd,0.3,15,103,0.3_15_103,Ip Spoofing,0.05367561260210035,0,3,0.2,0.4545083543348718,0.8645161290322582,0.24641950549782757,True
45,fedavg_sgd,0.3,15,103,0.3_15_103,MITM,0.2885826479958509,0,3,0.2,0.5376313290244756,0.8852281637721776,0.20971182100364538,True
45,fedavg_sgd,0.3,15,103,0.3_15_103,Manipulation,0.9784172661870504,0,4,0.26666666666666666,0.2502406363820241,0.7376589712434184,0.49856473260587075,True
45,fedavg_sgd,0.3,15,103,0.3_15_103,Password Cracking,0.0,1,1,0.06666666666666667,1.0,0.9333333333333333,0.09995339799323015,False
45,fedavg_sgd,0.3,15,103,0.3_15_103,Regular,0.992544576238196,0,10,0.6666666666666666,0.17180948250499076,0.6223354081039894,0.7143478370064582,True
45,fedavg_sgd,0.3,15,103,0.3_15_103,Replay,0.023963133640552997,0,2,0.13333333333333333,0.6354022900321895,0.9013592582590692,0.09851394479010958,True
45,fedavg_sgd,0.3,15,103,0.3_15_103,Unauth,0.9718875502008032,0,3,0.2,0.3599265979983929,0.8307236467236466,0.08081680946476526,True
45,fedavg_sgd,0.3,15,103,0.3_15_103,Video,0.461038961038961,0,2,0.13333333333333333,0.5857075367373191,0.8942682023304371,0.1773597033098587,True
46,fednova_sgd,0.3,15,103,0.3_15_103,DoS,0.999825962103248,0,7,0.4666666666666667,0.23013546068371868,0.7328787820664249,0.7186122461888209,True
46,fednova_sgd,0.3,15,103,0.3_15_103,Injection,0.0,1,3,0.2,0.393674113038696,0.8445647969052225,0.042880822576579374,True
46,fednova_sgd,0.3,15,103,0.3_15_103,Ip Spoofing,0.1353558926487748,0,3,0.2,0.4545083543348718,0.8645161290322582,0.24641950549782757,True
46,fednova_sgd,0.3,15,103,0.3_15_103,MITM,0.31473660813514115,0,3,0.2,0.5376313290244756,0.8852281637721776,0.20971182100364538,True
46,fednova_sgd,0.3,15,103,0.3_15_103,Manipulation,0.9917780061664954,0,4,0.26666666666666666,0.2502406363820241,0.7376589712434184,0.49856473260587075,True
46,fednova_sgd,0.3,15,103,0.3_15_103,Password Cracking,0.0,1,1,0.06666666666666667,1.0,0.9333333333333333,0.09995339799323015,False
46,fednova_sgd,0.3,15,103,0.3_15_103,Regular,0.9921316967577164,0,10,0.6666666666666666,0.17180948250499076,0.6223354081039894,0.7143478370064582,True
46,fednova_sgd,0.3,15,103,0.3_15_103,Replay,0.0,1,2,0.13333333333333333,0.6354022900321895,0.9013592582590692,0.09851394479010958,True
46,fednova_sgd,0.3,15,103,0.3_15_103,Unauth,0.9705488621151271,0,3,0.2,0.3599265979983929,0.8307236467236466,0.08081680946476526,True
46,fednova_sgd,0.3,15,103,0.3_15_103,Video,0.3123543123543124,0,2,0.13333333333333333,0.5857075367373191,0.8942682023304371,0.1773597033098587,True
47,fedavg_sgd,0.3,30,103,0.3_30_103,DoS,0.9994343768355559,0,12,0.4,0.16979695714951348,0.8183002986147426,0.6839090991115853,True
47,fedavg_sgd,0.3,30,103,0.3_30_103,Injection,0.9716646989374262,0,4,0.13333333333333333,0.29495130738638703,0.8962088974854933,0.11576273346349648,True
47,fedavg_sgd,0.3,30,103,0.3_30_103,Ip Spoofing,0.9953325554259043,0,5,0.16666666666666666,0.2705059864601289,0.8858171154358838,0.35847175183547725,True
47,fedavg_sgd,0.3,30,103,0.3_30_103,MITM,0.47410535674594356,0,5,0.16666666666666666,0.20941048935449247,0.8524681005924042,0.1974701900636336,True
47,fedavg_sgd,0.3,30,103,0.3_30_103,Manipulation,0.0,1,4,0.13333333333333333,0.2502406363820241,0.8688294856217093,0.16524690226880148,True
47,fedavg_sgd,0.3,30,103,0.3_30_103,Password Cracking,0.0,1,1,0.03333333333333333,1.0,0.9666666666666667,0.07115735758249997,False
47,fedavg_sgd,0.3,30,103,0.3_30_103,Regular,0.973351578674185,0,10,0.3333333333333333,0.16433480336847436,0.803347252384072,0.43477625920761703,True
47,fedavg_sgd,0.3,30,103,0.3_30_103,Replay,0.0,1,4,0.13333333333333333,0.25043120331669394,0.8695922225222792,0.011942578142077519,True
47,fedavg_sgd,0.3,30,103,0.3_30_103,Unauth,0.0,1,3,0.1,0.3565688070713712,0.9125584045584046,0.017431568999340504,True
47,fedavg_sgd,0.3,30,103,0.3_30_103,Video,0.0,1,3,0.1,0.5051916432684074,0.9344777334876345,0.02738867840987628,True
48,fednova_sgd,0.3,30,103,0.3_30_103,DoS,0.99978245262906,0,12,0.4,0.16979695714951348,0.8183002986147426,0.6839090991115853,True
48,fednova_sgd,0.3,30,103,0.3_30_103,Injection,1.0,0,4,0.13333333333333333,0.29495130738638703,0.8962088974854933,0.11576273346349648,True
48,fednova_sgd,0.3,30,103,0.3_30_103,Ip Spoofing,0.9428238039673279,0,5,0.16666666666666666,0.2705059864601289,0.8858171154358838,0.35847175183547725,True
48,fednova_sgd,0.3,30,103,0.3_30_103,MITM,0.2828035859820701,0,5,0.16666666666666666,0.20941048935449247,0.8524681005924042,0.1974701900636336,True
48,fednova_sgd,0.3,30,103,0.3_30_103,Manipulation,0.007194244604316547,0,4,0.13333333333333333,0.2502406363820241,0.8688294856217093,0.16524690226880148,True
48,fednova_sgd,0.3,30,103,0.3_30_103,Password Cracking,0.0,1,1,0.03333333333333333,1.0,0.9666666666666667,0.07115735758249997,False
48,fednova_sgd,0.3,30,103,0.3_30_103,Regular,0.991919358739184,0,10,0.3333333333333333,0.16433480336847436,0.803347252384072,0.43477625920761703,True
48,fednova_sgd,0.3,30,103,0.3_30_103,Replay,0.45069124423963136,0,4,0.13333333333333333,0.25043120331669394,0.8695922225222792,0.011942578142077519,True
48,fednova_sgd,0.3,30,103,0.3_30_103,Unauth,0.0,1,3,0.1,0.3565688070713712,0.9125584045584046,0.017431568999340504,True
48,fednova_sgd,0.3,30,103,0.3_30_103,Video,0.1724109224109224,0,3,0.1,0.5051916432684074,0.9344777334876345,0.02738867840987628,True
49,fedavg_sgd,1.0,10,103,1.0_10_103,DoS,0.999630169469402,0,6,0.6,0.19321876432305476,0.5297782901630772,0.7241040275854115,True
49,fedavg_sgd,1.0,10,103,1.0_10_103,Injection,0.743801652892562,0,4,0.4,0.29495130738638703,0.6886266924564797,0.3751303414410903,True
49,fedavg_sgd,1.0,10,103,1.0_10_103,Ip Spoofing,0.22753792298716452,0,3,0.3,0.440950324026274,0.7828045854438817,0.28404713779032076,True
49,fedavg_sgd,1.0,10,103,1.0_10_103,MITM,0.8587093428169222,0,6,0.6,0.23821793179028042,0.603742388600628,0.6944098986011026,True
49,fedavg_sgd,1.0,10,103,1.0_10_103,Manipulation,0.0,1,4,0.4,0.2502406363820241,0.6064884568651276,0.203245211201969,True
49,fedavg_sgd,1.0,10,103,1.0_10_103,Password Cracking,0.0,1,1,0.1,1.0,0.9,0.09419372482119619,False
49,fedavg_sgd,1.0,10,103,1.0_10_103,Regular,0.957762429146932,0,9,0.9,0.22151431690246845,0.5499365380355739,0.8925051694741043,True
49,fedavg_sgd,1.0,10,103,1.0_10_103,Replay,0.9889400921658986,0,3,0.3,0.37036636474837864,0.7493113691601404,0.355010087799669,True
49,fedavg_sgd,1.0,10,103,1.0_10_103,Unauth,0.1499330655957162,0,3,0.3,0.4496575060267368,0.7945641025641026,0.2945614248865878,True
49,fedavg_sgd,1.0,10,103,1.0_10_103,Video,0.34673659673659674,0,3,0.3,0.3706205463964099,0.7545895405867118,0.35871034294798154,True
50,fednova_sgd,1.0,10,103,1.0_10_103,DoS,0.99923858420171,0,6,0.6,0.19321876432305476,0.5297782901630772,0.7241040275854115,True
50,fednova_sgd,1.0,10,103,1.0_10_103,Injection,0.987012987012987,0,4,0.4,0.29495130738638703,0.6886266924564797,0.3751303414410903,True
50,fednova_sgd,1.0,10,103,1.0_10_103,Ip Spoofing,0.03500583430571762,0,3,0.3,0.440950324026274,0.7828045854438817,0.28404713779032076,True
50,fednova_sgd,1.0,10,103,1.0_10_103,MITM,0.7894346891901904,0,6,0.6,0.23821793179028042,0.603742388600628,0.6944098986011026,True
50,fednova_sgd,1.0,10,103,1.0_10_103,Manipulation,0.566289825282631,0,4,0.4,0.2502406363820241,0.6064884568651276,0.203245211201969,True
50,fednova_sgd,1.0,10,103,1.0_10_103,Password Cracking,0.0,1,1,0.1,1.0,0.9,0.09419372482119619,False
50,fednova_sgd,1.0,10,103,1.0_10_103,Regular,0.9719123987707988,0,9,0.9,0.22151431690246845,0.5499365380355739,0.8925051694741043,True
50,fednova_sgd,1.0,10,103,1.0_10_103,Replay,0.6248847926267281,0,3,0.3,0.37036636474837864,0.7493113691601404,0.355010087799669,True
50,fednova_sgd,1.0,10,103,1.0_10_103,Unauth,0.0,1,3,0.3,0.4496575060267368,0.7945641025641026,0.2945614248865878,True
50,fednova_sgd,1.0,10,103,1.0_10_103,Video,0.43922743922743923,0,3,0.3,0.3706205463964099,0.7545895405867118,0.35871034294798154,True
51,fedavg_sgd,1.0,15,103,1.0_15_103,DoS,0.99978245262906,0,8,0.5333333333333333,0.21480115392380117,0.7191849035676957,0.8081239111083,True
51,fedavg_sgd,1.0,15,103,1.0_15_103,Injection,0.21959858323494688,0,3,0.2,0.39014953851449186,0.8398194713088329,0.26556400055438717,True
51,fedavg_sgd,1.0,15,103,1.0_15_103,Ip Spoofing,0.0,1,5,0.3333333333333333,0.23850634410047306,0.7435706033946503,0.1721748812392971,True
51,fedavg_sgd,1.0,15,103,1.0_15_103,MITM,0.4642513151070608,0,4,0.26666666666666666,0.5175232450896512,0.8791067790696366,0.3552226338784497,True
51,fedavg_sgd,1.0,15,103,1.0_15_103,Manipulation,0.2250770811921891,0,4,0.26666666666666666,0.2502406363820241,0.7376589712434184,0.3811490696806972,True
51,fedavg_sgd,1.0,15,103,1.0_15_103,Password Cracking,0.0,1,1,0.06666666666666667,1.0,0.9333333333333333,0.1907501062730394,False
51,fedavg_sgd,1.0,15,103,1.0_15_103,Regular,0.9880500881792604,0,12,0.8,0.15694006721522535,0.5583040244143977,0.8455789950523738,True
51,fedavg_sgd,1.0,15,103,1.0_15_103,Replay,0.8387096774193549,0,3,0.2,0.3721221722918605,0.8338104239805563,0.47504467188373495,True
51,fedavg_sgd,1.0,15,103,1.0_15_103,Unauth,0.6519410977242303,0,4,0.26666666666666666,0.2660099057637519,0.7707806267806266,0.27955855528197937,True
51,fedavg_sgd,1.0,15,103,1.0_15_103,Video,0.5626040626040626,0,4,0.26666666666666666,0.27341359839870494,0.7768940159322054,0.339505386205992,True
52,fednova_sgd,1.0,15,103,1.0_15_103,DoS,0.9993038484129919,0,8,0.5333333333333333,0.21480115392380117,0.7191849035676957,0.8081239111083,True
52,fednova_sgd,1.0,15,103,1.0_15_103,Injection,0.008264462809917356,0,3,0.2,0.39014953851449186,0.8398194713088329,0.26556400055438717,True
52,fednova_sgd,1.0,15,103,1.0_15_103,Ip Spoofing,0.9929988331388565,0,5,0.3333333333333333,0.23850634410047306,0.7435706033946503,0.1721748812392971,True
52,fednova_sgd,1.0,15,103,1.0_15_103,MITM,0.1263243683781581,0,4,0.26666666666666666,0.5175232450896512,0.8791067790696366,0.3552226338784497,True
52,fednova_sgd,1.0,15,103,1.0_15_103,Manipulation,0.0421377183967112,0,4,0.26666666666666666,0.2502406363820241,0.7376589712434184,0.3811490696806972,True
52,fednova_sgd,1.0,15,103,1.0_15_103,Password Cracking,0.0,1,1,0.06666666666666667,1.0,0.9333333333333333,0.1907501062730394,False
52,fednova_sgd,1.0,15,103,1.0_15_103,Regular,0.9952400894178989,0,12,0.8,0.15694006721522535,0.5583040244143977,0.8455789950523738,True
52,fednova_sgd,1.0,15,103,1.0_15_103,Replay,0.0,1,3,0.2,0.3721221722918605,0.8338104239805563,0.47504467188373495,True
52,fednova_sgd,1.0,15,103,1.0_15_103,Unauth,0.9705488621151271,0,4,0.26666666666666666,0.2660099057637519,0.7707806267806266,0.27955855528197937,True
52,fednova_sgd,1.0,15,103,1.0_15_103,Video,0.586913086913087,0,4,0.26666666666666666,0.27341359839870494,0.7768940159322054,0.339505386205992,True
53,fedavg_sgd,1.0,30,103,1.0_30_103,DoS,0.99989122631453,0,11,0.36666666666666664,0.13507026688283957,0.7756990054924384,0.6323352814398439,True
53,fedavg_sgd,1.0,30,103,1.0_30_103,Injection,0.9149940968122786,0,5,0.16666666666666666,0.21210345356524213,0.8563120567375886,0.11996993658964468,True
53,fedavg_sgd,1.0,30,103,1.0_30_103,Ip Spoofing,0.0,1,6,0.2,0.19300396638209194,0.8384786279214431,0.04043398467621837,True
53,fedavg_sgd,1.0,30,103,1.0_30_103,MITM,0.9159813291842631,0,6,0.2,0.20859570273342212,0.8550905864388593,0.4102878813388264,True
53,fedavg_sgd,1.0,30,103,1.0_30_103,Manipulation,0.9177800616649537,0,4,0.13333333333333333,0.2502406363820241,0.8688294856217093,0.08650950969293836,True
53,fedavg_sgd,1.0,30,103,1.0_30_103,Password Cracking,0.0,1,1,0.03333333333333333,1.0,0.9666666666666667,0.0942351178212213,False
53,fedavg_sgd,1.0,30,103,1.0_30_103,Regular,0.7197786965984629,0,17,0.5666666666666667,0.14765054350519677,0.7041114914792205,0.6242203930753697,True
53,fedavg_sgd,1.0,30,103,1.0_30_103,Replay,0.0,1,4,0.13333333333333333,0.25043120331669394,0.8695922225222792,0.02450419092498007,True
53,fedavg_sgd,1.0,30,103,1.0_30_103,Unauth,0.08032128514056225,0,4,0.13333333333333333,0.3456641683103221,0.9117606837606839,0.06860773481690806,True
53,fedavg_sgd,1.0,30,103,1.0_30_103,Video,0.2837162837162837,0,5,0.16666666666666666,0.2118301710587672,0.853499023371725,0.1536787214865017,True
54,fednova_sgd,1.0,30,103,1.0_30_103,DoS,0.9999347357887179,0,11,0.36666666666666664,0.13507026688283957,0.7756990054924384,0.6323352814398439,True
54,fednova_sgd,1.0,30,103,1.0_30_103,Injection,0.6965761511216056,0,5,0.16666666666666666,0.21210345356524213,0.8563120567375886,0.11996993658964468,True
54,fednova_sgd,1.0,30,103,1.0_30_103,Ip Spoofing,0.2590431738623104,0,6,0.2,0.19300396638209194,0.8384786279214431,0.04043398467621837,True
54,fednova_sgd,1.0,30,103,1.0_30_103,MITM,0.1001704082388679,0,6,0.2,0.20859570273342212,0.8550905864388593,0.4102878813388264,True
54,fednova_sgd,1.0,30,103,1.0_30_103,Manipulation,0.0,1,4,0.13333333333333333,0.2502406363820241,0.8688294856217093,0.08650950969293836,True
54,fednova_sgd,1.0,30,103,1.0_30_103,Password Cracking,0.0,1,1,0.03333333333333333,1.0,0.9666666666666667,0.0942351178212213,False
54,fednova_sgd,1.0,30,103,1.0_30_103,Regular,0.9965318123639709,0,17,0.5666666666666667,0.14765054350519677,0.7041114914792205,0.6242203930753697,True
54,fednova_sgd,1.0,30,103,1.0_30_103,Replay,0.9511520737327189,0,4,0.13333333333333333,0.25043120331669394,0.8695922225222792,0.02450419092498007,True
54,fednova_sgd,1.0,30,103,1.0_30_103,Unauth,0.14056224899598393,0,4,0.13333333333333333,0.3456641683103221,0.9117606837606839,0.06860773481690806,True
54,fednova_sgd,1.0,30,103,1.0_30_103,Video,0.33075258075258074,0,5,0.16666666666666666,0.2118301710587672,0.853499023371725,0.1536787214865017,True
