algorithm,alpha,n_clients,partition_seed,model_seed,class,n_holders,max_local_recall,weighted_local_recall_pre,weighted_local_recall_post,max_local_margin_post,holder_weight_share_this_class,global_recall,global_margin_post_agg,global_recall_pre,global_margin_pre,class_evaluable,local_learning_gain,aggregation_recall_loss,aggregation_margin_change,strict_erosion,practical_erosion,holder_fraction,anchor,gini,hhi
fedavg_sgd,0.1,30,102,11,DoS,9.0,1.0,0.9999780400549397,0.9999651192485167,54.94375671561605,0.4659382118782097,0.999978245262906,16.55207990582918,0.999978245262906,16.213470142303173,True,-1.29208064230113e-05,2.1754737093981902e-05,-38.391676809786865,0.0,0.0,0.3,heavy_a0.1_nc30,0.8974547417288697,0.31830586126763616
fedavg_sgd,0.1,30,102,11,Injection,3.0,1.0,0.009584775457910233,0.9905771342190047,17.689017903198074,0.0761626549563234,0.011806375442739,-0.7849074975095927,0.011806375442739,-0.4949705806223251,True,0.9809923587610945,0.988193624557261,-18.473925400707667,0.0,0.0,0.1,heavy_a0.1_nc30,0.9239845261121857,0.41260822555361426
fedavg_sgd,0.1,30,102,11,Ip Spoofing,7.0,1.0,0.9775689793104692,1.0,28.40007449234844,0.2428541264170126,0.9743290548424738,1.053634447700919,0.9929988331388564,1.181983832022134,True,0.022431020689530845,0.025670945157526215,-27.346440044647522,0.0,0.0,0.23333333333333334,heavy_a0.1_nc30,0.8306229449924465,0.176893519765919
fedavg_sgd,0.1,30,102,11,MITM,3.0,1.0,0.16339451299274294,0.9902647112411284,27.107494803573378,0.1078124869193469,0.1944135733866785,-0.9056761329629964,0.1842631695932429,-1.0324174324618434,True,0.8268701982483855,0.8055864266133215,-28.013170936536373,0.0,0.0,0.1,heavy_a0.1_nc30,0.9402849842988508,0.5172796280002712
fedavg_sgd,0.1,30,102,11,Manipulation,2.0,1.0,0.19403377531428342,1.0,44.000556131155534,0.0326167538400146,0.1911613566289825,-0.7694735081075764,0.1202466598150051,-0.8932103689258415,True,0.8059662246857165,0.8088386433710175,-44.77002963926311,0.0,0.0,0.06666666666666667,heavy_a0.1_nc30,0.9334386391251519,0.5000049901894057
fedavg_sgd,0.1,30,102,11,Password Cracking,1.0,0.9999929659198818,0.9999929659198818,0.9999929659198818,13.877907850253226,0.0811433025660869,0.0,,0.0,,False,0.0,,,,,0.03333333333333333,heavy_a0.1_nc30,0.9666666666666667,1.0
fedavg_sgd,0.1,30,102,11,Regular,7.0,0.9993337573059567,0.9906917962655662,0.9899883757033395,9.564101795937308,0.4036370959415326,0.9896721147097164,4.845656370776464,0.9908930583162776,4.994983410631499,True,-0.0007034205622267198,0.00966164259624036,-4.718445425160844,0.0,0.0,0.23333333333333334,heavy_a0.1_nc30,0.8736465451806605,0.26198392568578754
fedavg_sgd,0.1,30,102,11,Replay,4.0,0.0,0.0,0.0,-3.5981976406423417,0.0017222278549775,0.0,-7.506123541906682,0.0,-7.634643217165898,True,0.0,0.0,-3.90792590126434,0.0,0.0,0.13333333333333333,heavy_a0.1_nc30,0.8695922225222792,0.25043120331669394
fedavg_sgd,0.1,30,102,11,Unauth,3.0,1.0,0.98579654387537,1.0,29.29345238095238,0.0941709354166879,0.9772423025435074,0.6659191953768852,0.9678714859437751,0.3992135866259635,True,0.014203456124630032,0.022757697456492587,-28.627533185575494,0.0,0.0,0.1,heavy_a0.1_nc30,0.9197606837606838,0.38275555555555557
fedavg_sgd,0.1,30,102,11,Video,4.0,1.0,0.6948804059049705,0.9463041479896261,12.5773706427364,0.1976748296143195,0.7343489843489843,1.2033935302978271,0.6962204462204462,1.0278243485030594,True,0.2514237420846557,0.2656510156510157,-11.373977112438572,0.0,0.0,0.13333333333333333,heavy_a0.1_nc30,0.892333927270278,0.2811618759734052
fedavg_sgd,0.1,30,102,22,DoS,9.0,1.0,0.9999720232538798,0.9999836581525808,38.31602569842407,0.4659382118782097,0.99989122631453,15.40466198917158,0.999934735788718,15.562950093613352,True,1.1634898701040619e-05,0.00010877368547002053,-22.91136370925249,0.0,0.0,0.3,heavy_a0.1_nc30,0.8974547417288697,0.31830586126763616
fedavg_sgd,0.1,30,102,22,Injection,3.0,1.0,0.0,0.9950114239982967,21.87793103077717,0.0761626549563234,0.0,-0.9113061177547594,0.0,-0.9500958691521548,True,0.9950114239982967,1.0,-22.789237148531928,1.0,1.0,0.1,heavy_a0.1_nc30,0.9239845261121857,0.41260822555361426
fedavg_sgd,0.1,30,102,22,Ip Spoofing,7.0,1.0,0.9223718570226758,1.0,28.744518834608595,0.2428541264170126,0.9883313885647608,1.0290843558561844,0.971995332555426,1.0451648048926123,True,0.07762814297732423,0.011668611435239229,-27.71543447875241,0.0,0.0,0.23333333333333334,heavy_a0.1_nc30,0.8306229449924465,0.176893519765919
fedavg_sgd,0.1,30,102,22,MITM,3.0,1.0,0.24544888863400077,0.9901876154615503,29.642998828606935,0.1078124869193469,0.206268059568793,-0.8758313117614099,0.2313847521671482,-0.8633410053941385,True,0.7447387268275496,0.793731940431207,-30.518830140368344,0.0,0.0,0.1,heavy_a0.1_nc30,0.9402849842988508,0.5172796280002712
fedavg_sgd,0.1,30,102,22,Manipulation,2.0,1.0,0.26465498874183824,1.0,48.77608864578254,0.0326167538400146,0.2466598150051387,-0.6740735672483219,0.1870503597122302,-0.7601343450908916,True,0.7353450112581618,0.7533401849948613,-49.450162213030865,0.0,0.0,0.06666666666666667,heavy_a0.1_nc30,0.9334386391251519,0.5000049901894057
fedavg_sgd,0.1,30,102,22,Password Cracking,1.0,0.9999929659198818,1.0,0.9999929659198818,15.6871201528044,0.0811433025660869,0.0,,0.0,,False,-7.034080118151209e-06,,,,,0.03333333333333333,heavy_a0.1_nc30,0.9666666666666667,1.0
fedavg_sgd,0.1,30,102,22,Regular,7.0,0.998955210320705,0.98972308371889,0.985956688093146,9.640203358100782,0.4036370959415326,0.989442081856306,4.6567535194289285,0.9898962492848338,4.765319775618434,True,-0.00376639562574399,0.009513128464399001,-4.983449838671854,0.0,0.0,0.23333333333333334,heavy_a0.1_nc30,0.8736465451806605,0.26198392568578754
fedavg_sgd,0.1,30,102,22,Replay,4.0,0.0011261261261261,0.0,0.0005401026194977149,-4.561287204263664,0.0017222278549775,0.0,-8.461566640264977,0.0,-8.35763428859447,True,0.0005401026194977149,0.0011261261261261,-3.9002794360013127,1.0,0.0,0.13333333333333333,heavy_a0.1_nc30,0.8695922225222792,0.25043120331669394
fedavg_sgd,0.1,30,102,22,Unauth,3.0,1.0,0.9919935808792093,1.0,29.09578373015873,0.0941709354166879,0.9785809906291834,0.7345222360797357,0.9906291834002676,0.7898525202290281,True,0.008006419120790698,0.021419009370816644,-28.36126149407899,0.0,0.0,0.1,heavy_a0.1_nc30,0.9197606837606838,0.38275555555555557
fedavg_sgd,0.1,30,102,22,Video,4.0,1.0,0.673814996187736,0.9637573386499351,12.642286968170186,0.1976748296143195,0.7159507159507159,1.2372270876909548,0.6578421578421578,1.018635132770875,True,0.2899423424621991,0.2840492840492841,-11.405059880479232,0.0,0.0,0.13333333333333333,heavy_a0.1_nc30,0.892333927270278,0.2811618759734052
fedavg_sgd,0.1,30,102,33,DoS,9.0,1.0,0.9998635491709851,0.9999805804392147,72.51414756446991,0.4659382118782097,0.999934735788718,17.009835180673093,0.999760697891966,16.587323939592533,True,0.00011703126822959486,6.52642112819457e-05,-55.504312383796815,0.0,0.0,0.3,heavy_a0.1_nc30,0.8974547417288697,0.31830586126763616
fedavg_sgd,0.1,30,102,33,Injection,3.0,1.0,0.010383669334591507,0.9905771342190047,18.637555611674692,0.0761626549563234,0.0070838252656434,-0.5091294758153778,0.011806375442739,-0.4332993112179014,True,0.9801934648844132,0.9929161747343566,-19.14668508749007,0.0,0.0,0.1,heavy_a0.1_nc30,0.9239845261121857,0.41260822555361426
fedavg_sgd,0.1,30,102,33,Ip Spoofing,7.0,1.0,0.9957273089162605,1.0,24.709907482342555,0.2428541264170126,0.9614935822637106,1.0199716717109102,0.9906651108518086,1.4776487406104142,True,0.0042726910837395105,0.03850641773628938,-23.689935810631646,0.0,0.0,0.23333333333333334,heavy_a0.1_nc30,0.8306229449924465,0.176893519765919
fedavg_sgd,0.1,30,102,33,MITM,3.0,1.0,0.10865670145424357,0.9901643162750239,24.695528450790153,0.1078124869193469,0.1040972067866933,-1.030240462145523,0.1230643846780766,-0.9357198102037722,True,0.8815076148207803,0.8959027932133067,-25.725768912935678,0.0,0.0,0.1,heavy_a0.1_nc30,0.9402849842988508,0.5172796280002712
fedavg_sgd,0.1,30,102,33,Manipulation,2.0,1.0,0.04461019651212531,1.0,65.69769319843978,0.0326167538400146,0.2045220966084275,-0.7056352825105987,0.0,-1.1105499738044389,True,0.9553898034878747,0.7954779033915725,-66.40332848095038,0.0,0.0,0.06666666666666667,heavy_a0.1_nc30,0.9334386391251519,0.5000049901894057
fedavg_sgd,0.1,30,102,33,Password Cracking,1.0,1.0,0.9999929659198818,1.0,14.993094879162197,0.0811433025660869,0.0,,0.0,,False,7.034080118151209e-06,,,,,0.03333333333333333,heavy_a0.1_nc30,0.9666666666666667,1.0
fedavg_sgd,0.1,30,102,33,Regular,7.0,0.9995861219627914,0.9869794393317608,0.9819181675529098,10.290634055198534,0.4036370959415326,0.988274222754378,4.937534226142201,0.9869766015300134,4.695628219169699,True,-0.005061271778850962,0.011311899208413356,-5.353099829056333,0.0,0.0,0.23333333333333334,heavy_a0.1_nc30,0.8736465451806605,0.26198392568578754
fedavg_sgd,0.1,30,102,33,Replay,4.0,1.0,0.0,1.0,2.972647813174946,0.0017222278549775,0.0,-7.245095586117512,0.0,-7.381680227534562,True,1.0,1.0,-10.217743399292457,1.0,1.0,0.13333333333333333,heavy_a0.1_nc30,0.8695922225222792,0.25043120331669394
fedavg_sgd,0.1,30,102,33,Unauth,3.0,1.0,0.9685996320934782,1.0,27.51814236111111,0.0941709354166879,0.9705488621151273,0.3774377702868767,0.9692101740294512,0.3070855708805273,True,0.03140036790652179,0.029451137884872747,-27.14070459082423,0.0,0.0,0.1,heavy_a0.1_nc30,0.9197606837606838,0.38275555555555557
fedavg_sgd,0.1,30,102,33,Video,4.0,1.0,0.8455317701971161,0.9735033505380567,11.94650226347198,0.1976748296143195,0.8523143523143523,1.3786808487736222,0.8567266067266067,1.3242426518793706,True,0.12797158034094058,0.14768564768564774,-10.567821414698358,0.0,0.0,0.13333333333333333,heavy_a0.1_nc30,0.892333927270278,0.2811618759734052
fedavg_sgd,0.1,30,102,44,DoS,9.0,1.0,0.9999251365509311,0.9999846114331692,35.69545800501432,0.4659382118782097,0.999978245262906,17.916946787233233,0.999956490525812,17.69254612174223,True,5.94748822381197e-05,2.1754737093981902e-05,-17.77851121778109,0.0,0.0,0.3,heavy_a0.1_nc30,0.8974547417288697,0.31830586126763616
fedavg_sgd,0.1,30,102,44,Injection,3.0,1.0,0.025112823936517533,0.9916857066638277,22.704973349381017,0.0761626549563234,0.0047225501770956,-0.6449597211204988,0.011806375442739,-0.2185307562421598,True,0.9665728827273102,0.9952774498229044,-23.349933070501518,0.0,0.0,0.1,heavy_a0.1_nc30,0.9239845261121857,0.41260822555361426
fedavg_sgd,0.1,30,102,44,Ip Spoofing,7.0,1.0,0.9766641085300817,0.9994928143200187,36.25053570114773,0.2428541264170126,0.9918319719953326,0.950962489516482,0.9929988331388564,1.099877160516336,True,0.02282870578993701,0.008168028004667427,-35.29957321163125,0.0,0.0,0.23333333333333334,heavy_a0.1_nc30,0.8306229449924465,0.176893519765919
fedavg_sgd,0.1,30,102,44,MITM,3.0,1.0,0.13325969551540887,0.9901746399591549,30.887617281052687,0.1078124869193469,0.1991553678595243,-0.9454342899405886,0.16611098762688,-1.0193967076595725,True,0.856914944443746,0.8008446321404756,-31.833051570993277,0.0,0.0,0.1,heavy_a0.1_nc30,0.9402849842988508,0.5172796280002712
fedavg_sgd,0.1,30,102,44,Manipulation,2.0,1.0,0.15367055037322708,1.0,47.805620733788395,0.0326167538400146,0.1634121274409044,-0.6302117625096352,0.0678314491264131,-0.792580207597315,True,0.8463294496267729,0.8365878725590956,-48.43583249629803,0.0,0.0,0.06666666666666667,heavy_a0.1_nc30,0.9334386391251519,0.5000049901894057
fedavg_sgd,0.1,30,102,44,Password Cracking,1.0,1.0,1.0,1.0,15.378316510387355,0.0811433025660869,0.0,,0.0,,False,0.0,,,,,0.03333333333333333,heavy_a0.1_nc30,0.9666666666666667,1.0
fedavg_sgd,0.1,30,102,44,Regular,7.0,0.9992630952020432,0.9899611047800687,0.9943733374825298,10.333728205157325,0.4036370959415326,0.98979597855386,5.353573087133054,0.9899670286243446,5.29749389873799,True,0.00441223270246105,0.009467116648183116,-4.980155118024271,0.0,0.0,0.23333333333333334,heavy_a0.1_nc30,0.8736465451806605,0.26198392568578754
fedavg_sgd,0.1,30,102,44,Replay,4.0,0.3920086393088552,0.0,0.2919254658385142,-0.0675627218710409,0.0017222278549775,0.0,-7.540747407834101,0.0,-7.564380220334101,True,0.2919254658385142,0.3920086393088552,-7.47318468596306,1.0,1.0,0.13333333333333333,heavy_a0.1_nc30,0.8695922225222792,0.25043120331669394
fedavg_sgd,0.1,30,102,44,Unauth,3.0,1.0,0.9878973142350517,1.0,26.31969246031746,0.0941709354166879,0.9825970548862116,0.5508165167996204,0.9799196787148594,0.1698723681959282,True,0.012102685764948329,0.01740294511378837,-25.768875943517838,0.0,0.0,0.1,heavy_a0.1_nc30,0.9197606837606838,0.38275555555555557
fedavg_sgd,0.1,30,102,44,Video,4.0,1.0,0.7457659880195873,0.8750769694426399,12.32939760270464,0.1976748296143195,0.7263569763569764,1.103726026577589,0.73992673992674,1.1354457716762405,True,0.12931098142305264,0.2736430236430236,-11.225671576127052,0.0,0.0,0.13333333333333333,heavy_a0.1_nc30,0.892333927270278,0.2811618759734052
fedavg_sgd,0.1,30,102,55,DoS,9.0,1.0,0.9999754838806003,0.9999558861084182,47.96073603151862,0.4659382118782097,0.999934735788718,16.420295912012964,0.999978245262906,16.975761058884636,True,-1.9597772182078366e-05,6.52642112819457e-05,-31.540440119505657,0.0,0.0,0.3,heavy_a0.1_nc30,0.8974547417288697,0.31830586126763616
fedavg_sgd,0.1,30,102,55,Injection,3.0,1.0,0.006684760849033947,1.0,19.408975509370705,0.0761626549563234,0.0059031877213695,-0.4578839767077737,0.0094451003541912,-0.5505240664431449,True,0.9933152391509661,0.9940968122786304,-19.86685948607848,0.0,0.0,0.1,heavy_a0.1_nc30,0.9239845261121857,0.41260822555361426
fedavg_sgd,0.1,30,102,55,Ip Spoofing,7.0,1.0,0.8604338970031602,0.9629137884692631,40.97506805473808,0.2428541264170126,0.9953325554259044,1.3825405837496354,0.91365227537923,0.6362783995086421,True,0.10247989146610292,0.004667444574095625,-39.59252747098844,0.0,0.0,0.23333333333333334,heavy_a0.1_nc30,0.8306229449924465,0.176893519765919
fedavg_sgd,0.1,30,102,55,MITM,3.0,1.0,0.07575749925425516,0.9902476629828663,31.577945619806407,0.1078124869193469,0.1915981329184263,-0.7560866571332981,0.0961695191524042,-1.0317735357567883,True,0.9144901637286111,0.8084018670815737,-32.3340322769397,0.0,0.0,0.1,heavy_a0.1_nc30,0.9402849842988508,0.5172796280002712
fedavg_sgd,0.1,30,102,55,Manipulation,2.0,1.0,0.3678004967518794,1.0,44.09172735860556,0.0326167538400146,0.0184994861253854,-1.0169840202057103,0.3093525179856115,-0.3802943685439483,True,0.6321995032481206,0.9815005138746146,-45.10871137881127,0.0,0.0,0.06666666666666667,heavy_a0.1_nc30,0.9334386391251519,0.5000049901894057
fedavg_sgd,0.1,30,102,55,Password Cracking,1.0,0.9999929659198818,0.9999929659198818,0.9999929659198818,13.497186031361007,0.0811433025660869,0.0,,0.0,,False,0.0,,,,,0.03333333333333333,heavy_a0.1_nc30,0.9666666666666667,1.0
fedavg_sgd,0.1,30,102,55,Regular,7.0,0.9988037915266044,0.9917027405841801,0.9865386816137964,9.561835364159045,0.4036370959415326,0.9903327218784836,4.600384526272406,0.9920196294701576,4.800016754796775,True,-0.005164058970383634,0.008471069648120721,-4.961450837886638,0.0,0.0,0.23333333333333334,heavy_a0.1_nc30,0.8736465451806605,0.26198392568578754
fedavg_sgd,0.1,30,102,55,Replay,4.0,0.4146868250539957,0.0,0.21712125303808613,0.005061444144527,0.0017222278549775,0.0,-8.097604046658986,0.0,-7.445379104262673,True,0.21712125303808613,0.4146868250539957,-8.102665490803513,1.0,1.0,0.13333333333333333,heavy_a0.1_nc30,0.8695922225222792,0.25043120331669394
fedavg_sgd,0.1,30,102,55,Unauth,3.0,1.0,0.987854944668981,1.0,26.911619543650794,0.0941709354166879,0.9705488621151273,0.333073977326134,0.9732262382864793,0.4436856260899718,True,0.01214505533101895,0.029451137884872747,-26.57854556632466,0.0,0.0,0.1,heavy_a0.1_nc30,0.9197606837606838,0.38275555555555557
fedavg_sgd,0.1,30,102,55,Video,4.0,1.0,0.7339838473002767,0.9605209856283322,13.073263097402933,0.1976748296143195,0.7548285048285048,1.0226241857101233,0.7351814851814852,0.9584640823044144,True,0.22653713832805555,0.24517149517149517,-12.05063891169281,0.0,0.0,0.13333333333333333,heavy_a0.1_nc30,0.892333927270278,0.2811618759734052
fedavg_sgd,0.3,15,103,11,DoS,7.0,1.0,0.999910703202018,0.9998078896478199,32.65734379495433,0.7186122461888209,0.999760697891966,19.565790743903236,0.999869471577436,19.545860345465226,True,-0.00010281355419816673,0.00023930210803402296,-13.091553051051093,0.0,0.0,0.4666666666666667,moderate_a0.3_nc15,0.7328787820664249,0.23013546068371868
fedavg_sgd,0.3,15,103,11,Injection,3.0,1.0,0.0,1.0,13.916667964855431,0.0428808225765793,0.0,-1.4241558556855076,0.0,-1.886168208567001,True,1.0,1.0,-15.340823820540939,1.0,1.0,0.2,moderate_a0.3_nc15,0.8445647969052225,0.393674113038696
fedavg_sgd,0.3,15,103,11,Ip Spoofing,3.0,1.0,0.3694650112495237,0.6755742174310282,20.659757573553858,0.2464195054978275,0.0536756126021003,-1.1621134345144764,0.0536756126021003,-1.1457963941255835,True,0.3061092061815045,0.9463243873978997,-21.821871008068335,0.0,0.0,0.2,moderate_a0.3_nc15,0.8645161290322582,0.4545083543348718
fedavg_sgd,0.3,15,103,11,MITM,3.0,0.9982034507304836,0.20453697445411745,0.9109694361430453,5.488099480453749,0.2097118210036453,0.2885826479958509,-1.0789262577013643,0.1652959917018596,-1.1854376746626565,True,0.7064324616889278,0.7096208027346327,-6.567025738155113,0.0,0.0,0.2,moderate_a0.3_nc15,0.8852281637721776,0.5376313290244756
fedavg_sgd,0.3,15,103,11,Manipulation,4.0,1.0,0.992028173380938,0.922525060064981,9.968795964034411,0.4985647326058707,0.9784172661870504,0.7902177142214799,0.9938335046248716,1.132120914596448,True,-0.06950311331595693,0.021582733812949617,-9.178578249812931,0.0,0.0,0.26666666666666666,moderate_a0.3_nc15,0.7376589712434184,0.2502406363820241
fedavg_sgd,0.3,15,103,11,Password Cracking,1.0,0.9999718636795272,0.9999718636795271,0.9999718636795271,14.519742993671526,0.0999533979932301,0.0,,0.0,,False,0.0,,,,,0.06666666666666667,moderate_a0.3_nc15,0.9333333333333333,1.0
fedavg_sgd,0.3,15,103,11,Regular,10.0,0.9991916097602483,0.9938773478457468,0.9401181129879845,11.020116765759957,0.7143478370064582,0.992544576238196,7.361013684558603,0.9937360284532945,6.8821330805491,True,-0.05375923485776224,0.006647033522052315,-3.659103081201353,0.0,0.0,0.6666666666666666,moderate_a0.3_nc15,0.6223354081039894,0.17180948250499076
fedavg_sgd,0.3,15,103,11,Replay,2.0,1.0,7.414322616749982e-05,1.0,20.435203758445947,0.0985139447901095,0.0239631336405529,-0.6268587314588133,0.0009216589861751,-1.0750577161938364,True,0.9999258567738325,0.9760368663594471,-21.06206248990476,0.0,0.0,0.13333333333333333,moderate_a0.3_nc15,0.9013592582590692,0.6354022900321895
fedavg_sgd,0.3,15,103,11,Unauth,3.0,1.0,0.9805941150894265,0.9960555328101339,18.239420408678104,0.0808168094647652,0.9718875502008032,1.0872687527453564,0.9732262382864793,1.5230502086470885,True,0.015461417720707415,0.028112449799196804,-17.152151655932748,0.0,0.0,0.2,moderate_a0.3_nc15,0.8307236467236466,0.3599265979983929
fedavg_sgd,0.3,15,103,11,Video,2.0,0.9996865203761756,0.5802795987258846,0.989719287427571,7.412322320125149,0.1773597033098587,0.461038961038961,0.0400373301345667,0.5191475191475191,0.2926825168646457,True,0.40943968870168634,0.5386475593372145,-7.3722849899905825,0.0,0.0,0.13333333333333333,moderate_a0.3_nc15,0.8942682023304371,0.5857075367373191
fedavg_sgd,0.3,15,103,22,DoS,7.0,1.0,0.9999605557766303,0.999857690232178,28.460862763432353,0.7186122461888209,0.999869471577436,19.35014695494866,0.999978245262906,19.42166841497705,True,-0.00010286554445237961,0.00013052842256400243,-9.110715808483693,0.0,0.0,0.4666666666666667,moderate_a0.3_nc15,0.7328787820664249,0.23013546068371868
fedavg_sgd,0.3,15,103,22,Injection,3.0,1.0,0.0,0.998664358108042,26.799369506336877,0.0428808225765793,0.0,-1.4851165014850207,0.0,-1.4303213432519186,True,0.998664358108042,1.0,-28.284486007821897,1.0,1.0,0.2,moderate_a0.3_nc15,0.8445647969052225,0.393674113038696
fedavg_sgd,0.3,15,103,22,Ip Spoofing,3.0,1.0,0.36682771868232333,0.9091928601336056,18.950969290226062,0.2464195054978275,0.0186697782963827,-1.6331317060330368,0.0396732788798133,-1.7873086473071034,True,0.5423651414512822,0.9813302217036173,-20.5841009962591,0.0,0.0,0.2,moderate_a0.3_nc15,0.8645161290322582,0.4545083543348718
fedavg_sgd,0.3,15,103,22,MITM,3.0,0.9998277910761336,0.40072368563368505,0.9216798202834169,6.064006559007388,0.2097118210036453,0.3533377787656516,-0.5795785203424835,0.3758613025116692,-0.4312303368847591,True,0.5209561346497318,0.646490012310482,-6.643585079349871,0.0,0.0,0.2,moderate_a0.3_nc15,0.8852281637721776,0.5376313290244756
fedavg_sgd,0.3,15,103,22,Manipulation,4.0,1.0,0.9955546610858131,0.8462294751501296,9.998598905363057,0.4985647326058707,0.986639260020555,0.7448207937556205,0.9958890030832476,1.653147933661999,True,-0.14932518593568356,0.01336073997944498,-9.253778111607437,0.0,0.0,0.26666666666666666,moderate_a0.3_nc15,0.7376589712434184,0.2502406363820241
fedavg_sgd,0.3,15,103,22,Password Cracking,1.0,0.9999718636795272,0.9999718636795271,0.9999718636795271,16.321001578821264,0.0999533979932301,0.0,,0.0,,False,0.0,,,,,0.06666666666666667,moderate_a0.3_nc15,0.9333333333333333,1.0
fedavg_sgd,0.3,15,103,22,Regular,10.0,0.9995561420345488,0.990819851029184,0.9384831048024452,10.595832154023212,0.7143478370064582,0.9915536654850448,6.621350014063707,0.9907043134109154,5.770853627865089,True,-0.052336746226738784,0.008002476549504034,-3.9744821399595045,0.0,0.0,0.6666666666666666,moderate_a0.3_nc15,0.6223354081039894,0.17180948250499076
fedavg_sgd,0.3,15,103,22,Replay,2.0,1.0,0.0,1.0,16.394381686373872,0.0985139447901095,0.0313364055299539,-0.5010401853218606,0.0,-1.639452899985599,True,1.0,0.9686635944700461,-16.89542187169573,0.0,0.0,0.13333333333333333,moderate_a0.3_nc15,0.9013592582590692,0.6354022900321895
fedavg_sgd,0.3,15,103,22,Unauth,3.0,1.0,0.9850175565772148,0.9943024362813044,28.319370427598383,0.0808168094647652,0.9906291834002676,1.0118352335938807,0.9785809906291834,0.9646646686027966,True,0.009284879704089644,0.009370816599732379,-27.3075351940045,0.0,0.0,0.2,moderate_a0.3_nc15,0.8307236467236466,0.3599265979983929
fedavg_sgd,0.3,15,103,22,Video,2.0,0.9995611285266458,0.5373786485440729,0.9902330480243986,7.138073997197251,0.1773597033098587,0.4253246753246753,0.101934170667386,0.450965700965701,0.2673681705664127,True,0.4528543994803257,0.5742364532019705,-7.036139826529865,0.0,0.0,0.13333333333333333,moderate_a0.3_nc15,0.8942682023304371,0.5857075367373191
fedavg_sgd,0.3,15,103,33,DoS,7.0,1.0,0.9997330163596463,0.9999417080446513,32.23455706502194,0.7186122461888209,0.999847716840342,19.42820579845324,0.999760697891966,18.86995477054191,True,0.00020869168500503577,0.00015228315965798433,-12.806351266568697,0.0,0.0,0.4666666666666667,moderate_a0.3_nc15,0.7328787820664249,0.23013546068371868
fedavg_sgd,0.3,15,103,33,Injection,3.0,1.0,0.0,1.0,22.463677943581356,0.0428808225765793,0.0,-1.4460153771122344,0.0,-1.4395130792502953,True,1.0,1.0,-23.90969332069359,1.0,1.0,0.2,moderate_a0.3_nc15,0.8445647969052225,0.393674113038696
fedavg_sgd,0.3,15,103,33,Ip Spoofing,3.0,0.9997783687943262,0.35476028899783485,0.49923305841910337,14.29639689127604,0.2464195054978275,0.0151691948658109,-1.3178232342109102,0.0210035005834305,-1.89918502042007,True,0.14447276942126852,0.9846091739285153,-15.61422012548695,0.0,0.0,0.2,moderate_a0.3_nc15,0.8645161290322582,0.4545083543348718
fedavg_sgd,0.3,15,103,33,MITM,3.0,0.9996555821522672,0.2810414693571713,0.8680610141716456,6.100322225768052,0.2097118210036453,0.218937541675928,-0.8912441606670696,0.2513891975994665,-1.0732825067897032,True,0.5870195448144744,0.7807180404763392,-6.991566386435121,0.0,0.0,0.2,moderate_a0.3_nc15,0.8852281637721776,0.5376313290244756
fedavg_sgd,0.3,15,103,33,Manipulation,4.0,1.0,0.994602193539835,0.9956246764395773,9.545435101555109,0.4985647326058707,0.4460431654676259,0.2174840242987669,0.9938335046248716,1.6840420729822392,True,0.001022482899742272,0.5539568345323741,-9.327951077256342,0.0,0.0,0.26666666666666666,moderate_a0.3_nc15,0.7376589712434184,0.2502406363820241
fedavg_sgd,0.3,15,103,33,Password Cracking,1.0,0.9999859318397636,0.9999859318397636,0.9999859318397636,17.996992779626666,0.0999533979932301,0.0,,0.0,,False,0.0,,,,,0.06666666666666667,moderate_a0.3_nc15,0.9333333333333333,1.0
fedavg_sgd,0.3,15,103,33,Regular,10.0,0.9994061900191938,0.9930498993130651,0.9213519456103199,12.187037843202676,0.7143478370064582,0.9925268814033184,7.308821294517255,0.9927451177001432,7.462642586269693,True,-0.07169795370274523,0.00687930861587549,-4.878216548685421,0.0,0.0,0.6666666666666666,moderate_a0.3_nc15,0.6223354081039894,0.17180948250499076
fedavg_sgd,0.3,15,103,33,Replay,2.0,1.0,7.414322616749982e-05,1.0,21.10548194679054,0.0985139447901095,0.6986175115207374,0.0822864866476454,0.0073732718894009,-1.6670677923387096,True,0.9999258567738325,0.30138248847926263,-21.023195460142894,0.0,0.0,0.13333333333333333,moderate_a0.3_nc15,0.9013592582590692,0.6354022900321895
fedavg_sgd,0.3,15,103,33,Unauth,3.0,1.0,0.9753231770696128,1.0,24.012710093970735,0.0808168094647652,0.9678714859437751,1.0720569248020728,0.9692101740294512,1.101611840836654,True,0.0246768229303872,0.032128514056224855,-22.940653169168662,0.0,0.0,0.2,moderate_a0.3_nc15,0.8307236467236466,0.3599265979983929
fedavg_sgd,0.3,15,103,33,Video,2.0,0.9993730407523512,0.5540903164387789,0.9985491506280563,8.03822596837733,0.1773597033098587,0.5581918081918081,0.3053939011428025,0.472027972027972,-0.1105827905716516,True,0.44445883418927734,0.4411812325605431,-7.7328320672345265,0.0,0.0,0.13333333333333333,moderate_a0.3_nc15,0.8942682023304371,0.5857075367373191
fedavg_sgd,0.3,15,103,44,DoS,7.0,1.0,0.9999681913740862,0.9999279676907201,26.312757082554125,0.7186122461888209,0.99989122631453,17.501973987452956,0.999978245262906,16.986522515473055,True,-4.0223683366091834e-05,0.00010877368547002053,-8.810783095101169,0.0,0.0,0.4666666666666667,moderate_a0.3_nc15,0.7328787820664249,0.23013546068371868
fedavg_sgd,0.3,15,103,44,Injection,3.0,1.0,0.0,1.0,24.13466341731398,0.0428808225765793,0.0,-1.2577558605279664,0.0,-1.3125894990130609,True,1.0,1.0,-25.392419277841945,1.0,1.0,0.2,moderate_a0.3_nc15,0.8445647969052225,0.393674113038696
fedavg_sgd,0.3,15,103,44,Ip Spoofing,3.0,0.9997783687943262,0.3448018574714821,0.6514009542367076,16.78833570547983,0.2464195054978275,0.0338389731621937,-1.4540004307358518,0.0116686114352392,-1.8030503049336348,True,0.3065990967652255,0.9659393956321325,-18.242336136215684,0.0,0.0,0.2,moderate_a0.3_nc15,0.8645161290322582,0.4545083543348718
fedavg_sgd,0.3,15,103,44,MITM,3.0,0.9985878868242952,0.3243345100305633,0.8924268238351718,5.401614527612087,0.2097118210036453,0.2542046380677187,-1.3054023760199025,0.2930280803141439,-0.8876781645921316,True,0.5680923138046086,0.7443832487565765,-6.707016903631989,0.0,0.0,0.2,moderate_a0.3_nc15,0.8852281637721776,0.5376313290244756
fedavg_sgd,0.3,15,103,44,Manipulation,4.0,1.0,0.9947871049745177,0.9651873975991543,10.173742895207544,0.4985647326058707,0.9938335046248716,0.9650520097315004,0.9938335046248716,1.78321648624181,True,-0.029599707375363438,0.006166495375128367,-9.208690885476043,0.0,0.0,0.26666666666666666,moderate_a0.3_nc15,0.7376589712434184,0.2502406363820241
fedavg_sgd,0.3,15,103,44,Password Cracking,1.0,0.9999788977596454,0.9999788977596454,0.9999788977596454,16.891497775472164,0.0999533979932301,0.0,,0.0,,False,0.0,,,,,0.06666666666666667,moderate_a0.3_nc15,0.9333333333333333,1.0
fedavg_sgd,0.3,15,103,44,Regular,10.0,0.9995319845980386,0.9922936703927981,0.9505742590685311,12.207390361646771,0.7143478370064582,0.9927451177001432,7.7917280725053235,0.992055019139913,7.287045784187158,True,-0.04171941132426704,0.006786866897895427,-4.415662289141448,0.0,0.0,0.6666666666666666,moderate_a0.3_nc15,0.6223354081039894,0.17180948250499076
fedavg_sgd,0.3,15,103,44,Replay,2.0,1.0,0.0,1.0,16.745018211570947,0.0985139447901095,0.008294930875576,-0.9470336351526498,0.0,-2.0731431811635943,True,1.0,0.991705069124424,-17.692051846723597,0.0,0.0,0.13333333333333333,moderate_a0.3_nc15,0.9013592582590692,0.6354022900321895
fedavg_sgd,0.3,15,103,44,Unauth,3.0,1.0,0.998679422737639,1.0,23.50200239656912,0.0808168094647652,0.9906291834002676,1.023810073872966,0.998661311914324,1.062270178533143,True,0.0013205772623610113,0.009370816599732379,-22.478192322696156,0.0,0.0,0.2,moderate_a0.3_nc15,0.8307236467236466,0.3599265979983929
fedavg_sgd,0.3,15,103,44,Video,2.0,0.9996238244514106,0.5237450420335878,0.8991205397575194,6.505331464904977,0.1773597033098587,0.4341491841491841,-0.0273670362624334,0.446053946053946,0.0666597635000497,True,0.37537549772393153,0.5654746403022266,-6.53269850116741,0.0,0.0,0.13333333333333333,moderate_a0.3_nc15,0.8942682023304371,0.5857075367373191
fedavg_sgd,0.3,15,103,55,DoS,7.0,1.0,0.9997034315399587,0.9999432429170183,39.448777354707616,0.7186122461888209,0.99978245262906,20.365139325494376,0.999760697891966,20.085342176520655,True,0.00023981137705963995,0.00021754737094004106,-19.08363802921324,0.0,0.0,0.4666666666666667,moderate_a0.3_nc15,0.7328787820664249,0.23013546068371868
fedavg_sgd,0.3,15,103,55,Injection,3.0,1.0,0.0,1.0,28.546140382256745,0.0428808225765793,0.0,-2.163270123874705,0.0,-1.2079844649313751,True,1.0,1.0,-30.709410506131448,1.0,1.0,0.2,moderate_a0.3_nc15,0.8445647969052225,0.393674113038696
fedavg_sgd,0.3,15,103,55,Ip Spoofing,3.0,1.0,0.35066148678939146,0.845197022532623,21.191055838943377,0.2464195054978275,0.0163360560093348,-1.9571725495915984,0.0163360560093348,-1.5837432255961932,True,0.4945355357432315,0.9836639439906651,-23.148228388534974,0.0,0.0,0.2,moderate_a0.3_nc15,0.8645161290322582,0.4545083543348718
fedavg_sgd,0.3,15,103,55,MITM,3.0,0.9997761283989736,0.3429994197566955,0.897663458638945,5.633752938987454,0.2097118210036453,0.2800622360524561,-0.9883889851680004,0.2822849522116026,-0.9625383603040258,True,0.5546640388822495,0.7197138923465174,-6.622141924155454,0.0,0.0,0.2,moderate_a0.3_nc15,0.8852281637721776,0.5376313290244756
fedavg_sgd,0.3,15,103,55,Manipulation,4.0,1.0,0.30603391890461407,0.8256540589422202,9.746069266644986,0.4985647326058707,0.9938335046248716,2.456291426122495,0.3638232271325796,-0.1325389081870664,True,0.5196201400376061,0.006166495375128367,-7.289777840522491,0.0,0.0,0.26666666666666666,moderate_a0.3_nc15,0.7376589712434184,0.2502406363820241
fedavg_sgd,0.3,15,103,55,Password Cracking,1.0,0.9999929659198818,0.9999929659198818,0.9999929659198818,17.377985472426406,0.0999533979932301,0.0,,0.0,,False,0.0,,,,,0.06666666666666667,moderate_a0.3_nc15,0.9333333333333333,1.0
fedavg_sgd,0.3,15,103,55,Regular,10.0,0.9992982245681382,0.9919089596844017,0.9444436337212503,10.34973594387296,0.7143478370064582,0.9917483086686996,6.457465706580562,0.9918308845647956,6.7556936299239565,True,-0.04746532596315145,0.007549915899438653,-3.892270237292397,0.0,0.0,0.6666666666666666,moderate_a0.3_nc15,0.6223354081039894,0.17180948250499076
fedavg_sgd,0.3,15,103,55,Replay,2.0,1.0,0.8922289517928531,1.0,15.46649994721284,0.0985139447901095,0.0,-2.779251872119816,0.92073732718894,0.5379377655169931,True,0.10777104820714689,1.0,-18.245751819332657,1.0,1.0,0.13333333333333333,moderate_a0.3_nc15,0.9013592582590692,0.6354022900321895
fedavg_sgd,0.3,15,103,55,Unauth,3.0,1.0,0.9798300474663948,0.7295848604280639,22.20661342709385,0.0808168094647652,0.994645247657296,1.8365648772662264,0.9772423025435074,0.9677494156312751,True,-0.2502451870383309,0.0053547523427039945,-20.370048549827622,0.0,0.0,0.2,moderate_a0.3_nc15,0.8307236467236466,0.3599265979983929
fedavg_sgd,0.3,15,103,55,Video,2.0,0.9996238244514106,0.5728442162629462,0.9830049420684372,6.218308204961795,0.1773597033098587,0.4975857475857476,0.4318477644588484,0.4950882450882451,0.371773845864422,True,0.410160725805491,0.502038076865663,-5.786460440502946,0.0,0.0,0.13333333333333333,moderate_a0.3_nc15,0.8942682023304371,0.5857075367373191
fedavg_sgd,1.0,10,101,11,DoS,7.0,0.9999854457388034,0.9997855032527682,0.9996404367009037,39.963220809455585,0.8264572894003224,0.999608414732308,22.939403921903217,0.999956490525812,22.838101034097832,True,-0.00014506655186441453,0.00037703100649544297,-17.023816887552368,0.0,0.0,0.7,light_a1.0_nc10,0.6608429052246475,0.2774375670312191
fedavg_sgd,1.0,10,101,11,Injection,4.0,1.0,0.6668846989631575,0.9995103040251232,14.45264344850689,0.2100276170375448,0.5572609208972845,-0.3731627120881604,0.2514757969303424,-0.8903476395319879,True,0.3326256050619657,0.4427390791027155,-14.82580616059505,0.0,0.0,0.4,light_a1.0_nc10,0.7148549323017408,0.3390949870739162
fedavg_sgd,1.0,10,101,11,Ip Spoofing,3.0,1.0,0.7858183925816781,0.9206051834238141,9.487499525508657,0.3139114896736092,0.3827304550758459,-0.6236456889950408,0.5997666277712952,0.2017304143382621,True,0.13478679084213607,0.6172695449241541,-10.111145214503697,0.0,0.0,0.3,light_a1.0_nc10,0.7452945881098374,0.35932673352333094
fedavg_sgd,1.0,10,101,11,MITM,6.0,0.993761894692324,0.7222023286034421,0.9533549478093104,8.621825391914191,0.6910203234979224,0.8207749870341557,0.9918697572261428,0.7998814551381789,0.8946034412450452,True,0.23115261920586827,0.17298690765816827,-7.629955634688049,0.0,0.0,0.6,light_a1.0_nc10,0.6798755163370738,0.2893182314182509
fedavg_sgd,1.0,10,101,11,Manipulation,4.0,1.0,0.8617679674033454,0.9971972246456322,11.9230332912359,0.4213681828286953,0.9445015416238438,1.0765504592001622,0.8612538540596094,0.6096255154428355,True,0.13542925724228683,0.05549845837615619,-10.846482832035738,0.0,0.0,0.4,light_a1.0_nc10,0.6064884568651276,0.2502406363820241
fedavg_sgd,1.0,10,101,11,Password Cracking,1.0,0.9999507614391728,0.9998944887982274,0.9999507614391728,21.03343704937924,0.1216842579165275,0.0,,0.0,,False,5.627264094543172e-05,,,,,0.1,light_a1.0_nc10,0.9,1.0
fedavg_sgd,1.0,10,101,11,Regular,9.0,0.9992936989799384,0.9796320629511286,0.9424975854938974,13.2008681209931,0.9817219674046403,0.9754277726331684,9.19139444192334,0.9795801605511352,9.386614815885244,True,-0.037134477457231196,0.023865926346769983,-4.00947367906976,0.0,0.0,0.9,light_a1.0_nc10,0.45833941779067977,0.17955718567439208
fedavg_sgd,1.0,10,101,11,Replay,4.0,0.9944506104328524,0.12082085672904348,0.8042984058749626,6.2353114594894565,0.3387365926212559,0.0516129032258064,-0.8475650066604262,0.0728110599078341,-0.6194845595118088,True,0.6834775491459191,0.9428377072070461,-7.082876466149883,0.0,0.0,0.4,light_a1.0_nc10,0.6087766675668377,0.25043120331669394
fedavg_sgd,1.0,10,101,11,Unauth,3.0,1.0,0.610548449521228,1.0,11.77196135175504,0.2014118268637779,0.3092369477911647,-0.266881511233737,0.6091030789825971,0.2003165963822739,True,0.389451550478772,0.6907630522088353,-12.038842862988778,0.0,0.0,0.3,light_a1.0_nc10,0.7376752136752136,0.3565688070713712
fedavg_sgd,1.0,10,101,11,Video,3.0,0.9988811814723652,0.25690845506747556,0.9942030512583101,7.7187497085105585,0.2063934046533173,0.1749916749916749,-1.0961161234598735,0.2404262404262404,-1.051231910179664,True,0.7372945961908346,0.8238895064806903,-8.814865831970431,0.0,0.0,0.3,light_a1.0_nc10,0.7626058524219769,0.3823639815965862
fedavg_sgd,1.0,10,101,22,DoS,7.0,0.9999243178417776,0.9997079417108796,0.999480789530033,24.061248270471612,0.8264572894003224,0.999608414732308,19.36674322747841,0.999804207366154,19.235389229637565,True,-0.00022715218084656819,0.0003159031094696063,-4.694505042993203,0.0,0.0,0.7,light_a1.0_nc10,0.6608429052246475,0.2774375670312191
fedavg_sgd,1.0,10,101,22,Injection,4.0,1.0,0.9304719651442661,0.9998775760062808,11.869782195156969,0.2100276170375448,0.4273907910271546,-1.5206391065433147,0.4569067296340023,-1.4012135547336186,True,0.06940561086201469,0.5726092089728454,-13.390421301700282,0.0,0.0,0.4,light_a1.0_nc10,0.7148549323017408,0.3390949870739162
fedavg_sgd,1.0,10,101,22,Ip Spoofing,3.0,0.9984816276951108,0.43585668748146483,0.9319466753082138,8.719125589555496,0.3139114896736092,0.8191365227537923,0.1391457520955641,0.1201866977829638,-1.4161623372775671,True,0.496089987826749,0.1793451049413185,-8.579979837459932,0.0,0.0,0.3,light_a1.0_nc10,0.7452945881098374,0.35932673352333094
fedavg_sgd,1.0,10,101,22,MITM,6.0,0.9945184025058732,0.6433588979797723,0.9342897968529513,8.33169085189769,0.6910203234979224,0.815736830406757,1.0478634285628288,0.7822479069422835,0.7459140044720586,True,0.290930898873179,0.17878157209911616,-7.283827423334861,0.0,0.0,0.6,light_a1.0_nc10,0.6798755163370738,0.2893182314182509
fedavg_sgd,1.0,10,101,22,Manipulation,4.0,1.0,0.968897670839012,0.9632301435250363,10.882814335643795,0.4213681828286953,0.4357656731757451,-0.0546519307903983,0.9815005138746146,1.4767842777953977,True,-0.005667527313975684,0.5642343268242549,-10.937466266434193,0.0,0.0,0.4,light_a1.0_nc10,0.6064884568651276,0.2502406363820241
fedavg_sgd,1.0,10,101,22,Password Cracking,1.0,0.9999085569584638,0.9997397390356275,0.9999085569584638,18.14172803168853,0.1216842579165275,0.0,,0.0,,False,0.00016881792283629515,,,,,0.1,light_a1.0_nc10,0.9,1.0
fedavg_sgd,1.0,10,101,22,Regular,9.0,0.9994702742349536,0.9796677810416348,0.9494830693200907,11.985458371605452,0.9817219674046403,0.9735934080841804,7.992280420923257,0.9792852466365068,8.322478400781375,True,-0.030184711721544022,0.025876866150773226,-3.9931779506821945,0.0,0.0,0.9,light_a1.0_nc10,0.45833941779067977,0.17955718567439208
fedavg_sgd,1.0,10,101,22,Replay,4.0,1.0,0.06473202908222293,0.8630231464774821,6.437166169533851,0.3387365926212559,0.7649769585253456,0.2248922602921587,0.0175115207373271,-1.1683516120031685,True,0.7982911173952592,0.23502304147465436,-6.212273909241692,0.0,0.0,0.4,light_a1.0_nc10,0.6087766675668377,0.25043120331669394
fedavg_sgd,1.0,10,101,22,Unauth,3.0,1.0,0.41203284046342087,1.0,10.947946082664302,0.2014118268637779,0.4390896921017403,0.1347162841633461,0.4163319946452476,0.0826700356111947,True,0.5879671595365792,0.5609103078982597,-10.813229798500956,0.0,0.0,0.3,light_a1.0_nc10,0.7376752136752136,0.3565688070713712
fedavg_sgd,1.0,10,101,22,Video,3.0,0.9974826583128216,0.27762233927191776,0.9923370710225261,7.389913474274308,0.2063934046533173,0.0981518481518481,-1.526438039499563,0.2571595071595071,-1.0004061083772997,True,0.7147147317506084,0.8993308101609735,-8.91635151377387,0.0,0.0,0.3,light_a1.0_nc10,0.7626058524219769,0.3823639815965862
fedavg_sgd,1.0,10,101,44,DoS,7.0,0.9999970891477606,0.9994937380719664,0.9995250671375335,31.043676687858166,0.8264572894003224,0.999586659995214,19.04876702478137,0.99956490525812,19.15151388326136,True,3.1329065567131664e-05,0.0004104291525466319,-11.994909663076797,0.0,0.0,0.7,light_a1.0_nc10,0.6608429052246475,0.2774375670312191
fedavg_sgd,1.0,10,101,44,Injection,4.0,1.0,0.913975357627055,0.9884470388976738,14.229876531393568,0.2100276170375448,0.2774498229043683,-0.7625204939769038,0.4521841794569067,-0.4292663069795971,True,0.07447168127061887,0.7225501770956317,-14.992397025370472,0.0,0.0,0.4,light_a1.0_nc10,0.7148549323017408,0.3390949870739162
fedavg_sgd,1.0,10,101,44,Ip Spoofing,3.0,0.998177953234133,0.57249732256752,0.8863037180634298,7.518087684221265,0.3139114896736092,0.6336056009334889,0.1678752031181629,0.2555425904317386,-1.0814851384735995,True,0.31380639549590983,0.3645723523006441,-7.350212481103102,0.0,0.0,0.3,light_a1.0_nc10,0.7452945881098374,0.35932673352333094
fedavg_sgd,1.0,10,101,44,MITM,6.0,0.9973753280839897,0.6586416353128051,0.957122801296283,8.541196885313532,0.6910203234979224,0.799585092983626,0.8107981063210806,0.7940283025857598,0.8355169783099948,True,0.29848116598347796,0.19779023510036364,-7.730398778992451,0.0,0.0,0.6,light_a1.0_nc10,0.6798755163370738,0.2893182314182509
fedavg_sgd,1.0,10,101,44,Manipulation,4.0,1.0,0.9824811310167563,0.9983721025197717,11.192408511513158,0.4213681828286953,0.1808838643371017,-0.216401789195736,0.975334018499486,1.392949918803796,True,0.01589097150301544,0.8191161356628983,-11.408810300708893,0.0,0.0,0.4,light_a1.0_nc10,0.6064884568651276,0.2502406363820241
fedavg_sgd,1.0,10,101,44,Password Cracking,1.0,0.9999929659198818,0.9999718636795272,0.9999929659198818,20.588227752523476,0.1216842579165275,0.0,,0.0,,False,2.1102240354675672e-05,,,,,0.1,light_a1.0_nc10,0.9,1.0
fedavg_sgd,1.0,10,101,44,Regular,9.0,0.9996377943486864,0.9801203061223752,0.9348627239576592,12.848254875309287,0.9817219674046403,0.9749677069263482,8.24001780911402,0.9799930400316148,8.748178100171934,True,-0.04525758216471598,0.024670087422338227,-4.608237066195267,0.0,0.0,0.9,light_a1.0_nc10,0.45833941779067977,0.17955718567439208
fedavg_sgd,1.0,10,101,44,Replay,4.0,0.9944506104328524,0.008747743649338453,0.8366935783922419,6.569727754751665,0.3387365926212559,0.911520737327189,0.1308797528666834,0.0,-1.3113418508784562,True,0.8279458347429034,0.08292987310566347,-6.438848001884981,0.0,0.0,0.4,light_a1.0_nc10,0.6087766675668377,0.25043120331669394
fedavg_sgd,1.0,10,101,44,Unauth,3.0,1.0,0.4098092795118677,1.0,11.483507835838312,0.2014118268637779,0.5903614457831325,0.1861499035693555,0.4056224899598393,-0.1803401324005331,True,0.5901907204881323,0.40963855421686746,-11.297357932268957,0.0,0.0,0.3,light_a1.0_nc10,0.7376752136752136,0.3565688070713712
fedavg_sgd,1.0,10,101,44,Video,3.0,0.996755426269859,0.17558815337855738,0.9942640419008323,7.471106109152302,0.2063934046533173,0.2236097236097236,-1.0142826127323197,0.1708291708291708,-1.3364052126259158,True,0.8186758885222749,0.7731457026601354,-8.485388721884622,0.0,0.0,0.3,light_a1.0_nc10,0.7626058524219769,0.3823639815965862
fedavg_sgd,1.0,10,101,55,DoS,7.0,0.9999883565910428,0.9995386346642642,0.999512645994743,39.36984016833811,0.8264572894003224,0.999760697891966,23.81907180015011,0.999738943154872,22.277580205296733,True,-2.5988669521193053e-05,0.0002276586990768159,-15.550768368187999,0.0,0.0,0.7,light_a1.0_nc10,0.6608429052246475,0.2774375670312191
fedavg_sgd,1.0,10,101,55,Injection,4.0,1.0,0.7879203787646067,0.9949376820479695,12.259717768950996,0.2100276170375448,0.4663518299881936,-0.932115430955763,0.3518299881936245,-0.8937003215623155,True,0.20701730328336276,0.5336481700118064,-13.191833199906759,0.0,0.0,0.4,light_a1.0_nc10,0.7148549323017408,0.3390949870739162
fedavg_sgd,1.0,10,101,55,Ip Spoofing,3.0,1.0,0.7748707581645794,0.8353627298640232,8.356731638371166,0.3139114896736092,0.2707117852975496,-1.066717337004084,0.5262543757292882,-0.0438430857352364,True,0.06049197169944376,0.7292882147024504,-9.42344897537525,0.0,0.0,0.3,light_a1.0_nc10,0.7452945881098374,0.35932673352333094
fedavg_sgd,1.0,10,101,55,MITM,6.0,0.9945184025058732,0.7858432140013273,0.9745839518063072,10.530439384299138,0.6910203234979224,0.7905460472697636,0.778499334487525,0.8323331110617174,0.8792151746250324,True,0.1887407378049799,0.20397235523610957,-9.751940049811612,0.0,0.0,0.6,light_a1.0_nc10,0.6798755163370738,0.2893182314182509
fedavg_sgd,1.0,10,101,55,Manipulation,4.0,1.0,0.5719527232546587,0.9987520660310554,11.456109756813907,0.4213681828286953,0.948612538540596,0.986774534752778,0.632065775950668,0.0967446236056634,True,0.42679934277639664,0.05138746145940398,-10.46933522206113,0.0,0.0,0.4,light_a1.0_nc10,0.6064884568651276,0.2502406363820241
fedavg_sgd,1.0,10,101,55,Password Cracking,1.0,0.9999718636795272,0.9998874547181092,0.9999718636795272,19.331889359415115,0.1216842579165275,0.0,,0.0,,False,8.440896141792553e-05,,,,,0.1,light_a1.0_nc10,0.9,1.0
fedavg_sgd,1.0,10,101,55,Regular,9.0,0.9991850372845442,0.9748796417396509,0.9416904065960876,12.970756717464594,0.9817219674046403,0.9822107926696196,9.130397016798296,0.9741419479653888,9.108731281260877,True,-0.03318923514356331,0.016974244614924583,-3.8403597006662977,0.0,0.0,0.9,light_a1.0_nc10,0.45833941779067977,0.17955718567439208
fedavg_sgd,1.0,10,101,55,Replay,4.0,0.9944506104328524,0.49005563209068137,0.843887469198639,6.809098831159822,0.3387365926212559,0.0829493087557603,-0.6897013721378168,0.4654377880184331,0.0196661742601526,True,0.3538318371079576,0.9115013016770921,-7.498800203297639,0.0,0.0,0.4,light_a1.0_nc10,0.6087766675668377,0.25043120331669394
fedavg_sgd,1.0,10,101,55,Unauth,3.0,1.0,0.5514292501138057,0.9994126587643305,11.862096830657206,0.2014118268637779,0.429718875502008,-0.0974764357928131,0.5528781793842035,0.1068040932038701,True,0.4479834086505248,0.570281124497992,-11.95957326645002,0.0,0.0,0.3,light_a1.0_nc10,0.7376752136752136,0.3565688070713712
fedavg_sgd,1.0,10,101,55,Video,3.0,0.9992168270306556,0.2834586978014469,0.9933911642199736,6.956595983392098,0.2063934046533173,0.2733100233100233,-0.8075973912155553,0.2584915084915085,-0.8651983392583978,True,0.7099324664185267,0.7259068037206323,-7.764193374607653,0.0,0.0,0.3,light_a1.0_nc10,0.7626058524219769,0.3823639815965862
fednova_sgd,0.1,30,102,11,DoS,9.0,1.0,0.9999181492956847,0.9999948704777231,46.98453169770774,0.4659382118782097,1.0,17.377393700915874,0.999847716840342,17.264132718512737,True,7.672118203838618e-05,0.0,-29.607137996791863,0.0,0.0,0.3,heavy_a0.1_nc30,0.8974547417288697,0.31830586126763616
fednova_sgd,0.1,30,102,11,Injection,3.0,1.0,0.995826190241866,0.9905771342190047,9.106794564563272,0.0761626549563234,0.0,-1.832431617565673,0.998819362455726,1.4678307975760034,True,-0.005249056022861298,1.0,-10.939226182128944,1.0,1.0,0.1,heavy_a0.1_nc30,0.9239845261121857,0.41260822555361426
fednova_sgd,0.1,30,102,11,Ip Spoofing,7.0,1.0,0.9999578437756357,1.0,10.27606397216274,0.2428541264170126,0.1248541423570595,-0.6507346866567605,0.998833138856476,2.5438148382803383,True,4.2156224364320316e-05,0.8751458576429405,-10.9267986588195,0.0,0.0,0.23333333333333334,heavy_a0.1_nc30,0.8306229449924465,0.176893519765919
fednova_sgd,0.1,30,102,11,MITM,3.0,1.0,0.12068929855459178,0.9902351611263379,12.591355334657813,0.1078124869193469,0.1137289768096614,-1.9289416383617657,0.1391420315625694,-0.932519174906345,True,0.8695458625717462,0.8862710231903386,-14.520296973019578,0.0,0.0,0.1,heavy_a0.1_nc30,0.9402849842988508,0.5172796280002712
fednova_sgd,0.1,30,102,11,Manipulation,2.0,1.0,0.0,1.0,9.765149966690892,0.0326167538400146,0.8180883864337102,0.3243794612747302,0.0,-2.2308613697769464,True,1.0,0.18191161356628982,-9.440770505416161,0.0,0.0,0.06666666666666667,heavy_a0.1_nc30,0.9334386391251519,0.5000049901894057
fednova_sgd,0.1,30,102,11,Password Cracking,1.0,1.0,1.0,1.0,16.273331844544632,0.0811433025660869,0.0,,0.0,,False,0.0,,,,,0.03333333333333333,heavy_a0.1_nc30,0.9666666666666667,1.0
fednova_sgd,0.1,30,102,11,Regular,7.0,0.9991586123576112,0.7022330526267365,0.9761513472278165,10.341476782791196,0.4036370959415326,0.9944851097964504,5.622983117146074,0.699128824296188,0.8567000947940874,True,0.27391829460107997,0.004673502561160725,-4.718493665645122,0.0,0.0,0.23333333333333334,heavy_a0.1_nc30,0.8736465451806605,0.26198392568578754
fednova_sgd,0.1,30,102,11,Replay,4.0,1.0,0.0,1.0,7.993197054476352,0.0017222278549775,0.0,-0.5854711576540899,0.0,-1.9217928697436637,True,1.0,1.0,-8.578668212130442,1.0,1.0,0.13333333333333333,heavy_a0.1_nc30,0.8695922225222792,0.25043120331669394
fednova_sgd,0.1,30,102,11,Unauth,3.0,1.0,0.0,1.0,12.975807082915832,0.0941709354166879,0.9959839357429718,1.681283789944936,0.0,-1.5341532348469398,True,1.0,0.004016064257028162,-11.294523292970895,0.0,0.0,0.1,heavy_a0.1_nc30,0.9197606837606838,0.38275555555555557
fednova_sgd,0.1,30,102,11,Video,4.0,1.0,0.9650344259794391,0.9729359814505588,9.267835446503272,0.1976748296143195,0.4955044955044955,0.3225737478667166,0.9756909756909756,2.310491754339411,True,0.007901555471119703,0.5044955044955045,-8.945261698636555,0.0,0.0,0.13333333333333333,heavy_a0.1_nc30,0.892333927270278,0.2811618759734052
fednova_sgd,0.1,30,102,22,DoS,9.0,1.0,0.9998711239670637,0.9999907945850359,33.22432396131805,0.4659382118782097,0.999912981051624,17.316844064084016,0.999804207366154,17.197765176648467,True,0.0001196706179722451,8.701894837603863e-05,-15.907479897234033,0.0,0.0,0.3,heavy_a0.1_nc30,0.8974547417288697,0.31830586126763616
fednova_sgd,0.1,30,102,22,Injection,3.0,1.0,0.995826190241866,0.9916857066638277,9.006513550980054,0.0761626549563234,0.0,-1.509485165934917,0.9976387249114522,1.432353158205431,True,-0.004140483578038312,1.0,-10.515998716914972,1.0,1.0,0.1,heavy_a0.1_nc30,0.9239845261121857,0.41260822555361426
fednova_sgd,0.1,30,102,22,Ip Spoofing,7.0,1.0,0.9999789218878178,0.9994928143200187,8.571599248304782,0.2428541264170126,0.1365227537922987,-0.5558699938352356,0.998833138856476,2.1125864320485706,True,-0.0004861075677990989,0.8634772462077013,-9.127469242140018,0.0,0.0,0.23333333333333334,heavy_a0.1_nc30,0.8306229449924465,0.176893519765919
fednova_sgd,0.1,30,102,22,MITM,3.0,1.0,0.13881117131712062,0.9901177179019712,12.2769822255561,0.1078124869193469,0.0269689560643105,-2.170652035811199,0.1354375046306586,-0.934539534899538,True,0.8513065465848506,0.9730310439356895,-14.447634261367298,0.0,0.0,0.1,heavy_a0.1_nc30,0.9402849842988508,0.5172796280002712
fednova_sgd,0.1,30,102,22,Manipulation,2.0,1.0,0.0,1.0,9.217350449672963,0.0326167538400146,0.817060637204522,0.2941127122367396,0.0,-1.8802971991826185,True,1.0,0.18293936279547796,-8.923237737436224,0.0,0.0,0.06666666666666667,heavy_a0.1_nc30,0.9334386391251519,0.5000049901894057
fednova_sgd,0.1,30,102,22,Password Cracking,1.0,1.0,0.9999929659198818,1.0,15.380550950507551,0.0811433025660869,0.0,,0.0,,False,7.034080118151209e-06,,,,,0.03333333333333333,heavy_a0.1_nc30,0.9666666666666667,1.0
fednova_sgd,0.1,30,102,22,Regular,7.0,0.9991370383154988,0.7240914480820618,0.9893270167339553,9.941011723132227,0.4036370959415326,0.9952990722008246,5.393643547596894,0.7209111660306357,0.8702737496364265,True,0.26523556865189346,0.0038379661146742405,-4.5473681755353335,0.0,0.0,0.23333333333333334,heavy_a0.1_nc30,0.8736465451806605,0.26198392568578754
fednova_sgd,0.1,30,102,22,Replay,4.0,1.0,0.0,1.0,7.545212754258165,0.0017222278549775,0.0,-0.5256497290826613,0.0,-1.6813251548099075,True,1.0,1.0,-8.070862483340825,1.0,1.0,0.13333333333333333,heavy_a0.1_nc30,0.8695922225222792,0.25043120331669394
fednova_sgd,0.1,30,102,22,Unauth,3.0,1.0,0.0,1.0,11.666911948897797,0.0941709354166879,0.9919678714859438,1.3806419832160677,0.0,-1.4873288063958308,True,1.0,0.008032128514056214,-10.28626996568173,0.0,0.0,0.1,heavy_a0.1_nc30,0.9197606837606838,0.38275555555555557
fednova_sgd,0.1,30,102,22,Video,4.0,1.0,0.960343074082921,0.9252854701157134,9.272388989369556,0.1976748296143195,0.5700965700965701,0.5369410456080378,0.9685314685314684,2.08793367277254,True,-0.035057603967207585,0.4299034299034299,-8.73544794376152,0.0,0.0,0.13333333333333333,heavy_a0.1_nc30,0.892333927270278,0.2811618759734052
fednova_sgd,0.1,30,102,33,DoS,9.0,1.0,0.9998960784500863,0.9999948704777231,40.157044681232094,0.4659382118782097,0.999869471577436,16.210260128869624,0.999869471577436,16.05585086855788,True,9.879202763674044e-05,0.00013052842256400243,-23.94678455236247,0.0,0.0,0.3,heavy_a0.1_nc30,0.8974547417288697,0.31830586126763616
fednova_sgd,0.1,30,102,33,Injection,3.0,1.0,0.0,0.990571027684402,10.471588367724236,0.0761626549563234,0.9929161747343566,0.9818881956998968,0.0,-1.275207591591647,True,0.990571027684402,0.00708382526564344,-9.489700172024339,0.0,0.0,0.1,heavy_a0.1_nc30,0.9239845261121857,0.41260822555361426
fednova_sgd,0.1,30,102,33,Ip Spoofing,7.0,1.0,0.5646636925588058,1.0,10.250552771226417,0.2428541264170126,0.997666277712952,2.2019172588335034,0.3710618436406068,-0.3222007795977064,True,0.4353363074411942,0.002333722287047979,-8.048635512392913,0.0,0.0,0.23333333333333334,heavy_a0.1_nc30,0.8306229449924465,0.176893519765919
fednova_sgd,0.1,30,102,33,MITM,3.0,1.0,0.07728235523629821,0.9902687839969951,10.22246765628402,0.1078124869193469,0.0451952285693117,-2.036221753705685,0.0886122842113062,-0.9221728182796408,True,0.9129864287606969,0.9548047714306883,-12.258689409989707,0.0,0.0,0.1,heavy_a0.1_nc30,0.9402849842988508,0.5172796280002712
fednova_sgd,0.1,30,102,33,Manipulation,2.0,1.0,0.8084599945615948,1.0,14.641702980253536,0.0326167538400146,0.0,-1.7419336364056075,0.7882836587872559,0.2190271281509948,True,0.19154000543840521,1.0,-16.383636616659143,1.0,1.0,0.06666666666666667,heavy_a0.1_nc30,0.9334386391251519,0.5000049901894057
fednova_sgd,0.1,30,102,33,Password Cracking,1.0,1.0,1.0,1.0,15.847208394103022,0.0811433025660869,0.0,,0.0,,False,0.0,,,,,0.03333333333333333,heavy_a0.1_nc30,0.9666666666666667,1.0
fednova_sgd,0.1,30,102,33,Regular,7.0,0.9994390749050742,0.575100117893407,0.9865726153897831,10.24652565221026,0.4036370959415326,0.9956647654549636,5.569363660559983,0.5726638394252718,0.34675543271175,True,0.41147249749637616,0.003774309450110591,-4.6771619916502765,0.0,0.0,0.23333333333333334,heavy_a0.1_nc30,0.8736465451806605,0.26198392568578754
fednova_sgd,0.1,30,102,33,Replay,4.0,1.0,0.0,1.0,13.5605236737311,0.0017222278549775,0.0,-1.5684362174179147,0.0,-0.5218733686455933,True,1.0,1.0,-15.128959891149014,1.0,1.0,0.13333333333333333,heavy_a0.1_nc30,0.8695922225222792,0.25043120331669394
fednova_sgd,0.1,30,102,33,Unauth,3.0,1.0,1.0,1.0,11.065572296626984,0.0941709354166879,0.0,-1.0646124996813426,0.998661311914324,1.1629203173370566,True,0.0,1.0,-12.130184796308326,1.0,1.0,0.1,heavy_a0.1_nc30,0.9197606837606838,0.38275555555555557
fednova_sgd,0.1,30,102,33,Video,4.0,0.9996238244514106,0.9893607918710796,0.9180029799895172,8.872509643068064,0.1976748296143195,0.4883449883449883,-0.0560824038225771,0.9908424908424908,2.1099979935429154,True,-0.07135781188156243,0.5112788361064223,-8.92859204689064,0.0,0.0,0.13333333333333333,heavy_a0.1_nc30,0.892333927270278,0.2811618759734052
fednova_sgd,0.1,30,102,44,DoS,9.0,1.0,0.9999840291308654,0.9999958963821785,44.93727614613181,0.4659382118782097,0.999956490525812,17.635211129723498,1.0,18.13972243334893,True,1.1867251313080196e-05,4.3509474187963804e-05,-27.30206501640831,0.0,0.0,0.3,heavy_a0.1_nc30,0.8974547417288697,0.31830586126763616
fednova_sgd,0.1,30,102,44,Injection,3.0,1.0,0.0,1.0,9.884148750596374,0.0761626549563234,0.9976387249114522,1.0442552442674513,0.0,-0.9051422875774794,True,1.0,0.0023612750885477762,-8.839893506328924,0.0,0.0,0.1,heavy_a0.1_nc30,0.9239845261121857,0.41260822555361426
fednova_sgd,0.1,30,102,44,Ip Spoofing,7.0,1.0,0.5097825167298294,0.9993731813795971,9.366511356644793,0.2428541264170126,0.998833138856476,2.564215251695595,0.2590431738623104,-0.570852949571999,True,0.48959066464976764,0.001166861143524045,-6.802296104949198,0.0,0.0,0.23333333333333334,heavy_a0.1_nc30,0.8306229449924465,0.176893519765919
fednova_sgd,0.1,30,102,44,MITM,3.0,1.0,0.04243777705827891,0.990282233145258,13.498247906971208,0.1078124869193469,0.1898940505297473,-1.71398903170612,0.0696451063199229,-1.1449257242350153,True,0.9478444560869791,0.8101059494702527,-15.212236938677329,0.0,0.0,0.1,heavy_a0.1_nc30,0.9402849842988508,0.5172796280002712
fednova_sgd,0.1,30,102,44,Manipulation,2.0,1.0,0.8668669729638312,1.0,13.96754536658947,0.0326167538400146,0.0,-2.092832778977711,0.8129496402877698,0.3508997620193466,True,0.1331330270361688,1.0,-16.06037814556718,1.0,1.0,0.06666666666666667,heavy_a0.1_nc30,0.9334386391251519,0.5000049901894057
fednova_sgd,0.1,30,102,44,Password Cracking,1.0,1.0,1.0,1.0,16.386163088582148,0.0811433025660869,0.0,,0.0,,False,0.0,,,,,0.03333333333333333,heavy_a0.1_nc30,0.9666666666666667,1.0
fednova_sgd,0.1,30,102,44,Regular,7.0,0.9993096306523992,0.6807796936882541,0.9934993564626613,10.868782377917888,0.4036370959415326,0.9937773164013424,5.888911008712494,0.6773700756749105,0.8343732495246357,True,0.3127196627744072,0.005532314251056825,-4.979871369205394,0.0,0.0,0.23333333333333334,heavy_a0.1_nc30,0.8736465451806605,0.26198392568578754
fednova_sgd,0.1,30,102,44,Replay,4.0,1.0,0.0,1.0,14.467201842602591,0.0017222278549775,0.0,-1.888057135656682,0.0,-0.5644485122047811,True,1.0,1.0,-16.355258978259272,1.0,1.0,0.13333333333333333,heavy_a0.1_nc30,0.8695922225222792,0.25043120331669394
fednova_sgd,0.1,30,102,44,Unauth,3.0,1.0,0.9993266032655493,1.0,12.99478546626984,0.0941709354166879,0.0,-1.0503329949844953,0.998661311914324,0.8170824676472819,True,0.0006733967344506597,1.0,-14.045118461254336,1.0,1.0,0.1,heavy_a0.1_nc30,0.9197606837606838,0.38275555555555557
fednova_sgd,0.1,30,102,44,Video,4.0,0.9996865203761756,0.9950167082374378,0.8807364316086993,8.537973040934594,0.1976748296143195,0.4388111888111888,-0.1246527977637596,0.9965034965034965,2.221021816724942,True,-0.11428027662873852,0.5608753315649868,-8.662625838698354,0.0,0.0,0.13333333333333333,heavy_a0.1_nc30,0.892333927270278,0.2811618759734052
fednova_sgd,0.1,30,102,55,DoS,9.0,1.0,0.9999730491583351,0.9999948704777231,54.65082714004298,0.4659382118782097,0.99989122631453,18.459445430961345,0.999978245262906,18.95871035879,True,2.1821319387993476e-05,0.00010877368547002053,-36.19138170908163,0.0,0.0,0.3,heavy_a0.1_nc30,0.8974547417288697,0.31830586126763616
fednova_sgd,0.1,30,102,55,Injection,3.0,1.0,0.0,0.9999938934653974,10.212245795562977,0.0761626549563234,0.9976387249114522,1.50716193873598,0.0,-1.5466833193440082,True,0.9999938934653974,0.0023612750885477762,-8.705083856826997,0.0,0.0,0.1,heavy_a0.1_nc30,0.9239845261121857,0.41260822555361426
fednova_sgd,0.1,30,102,55,Ip Spoofing,7.0,1.0,0.5444020816637184,0.9998803670595782,9.594235477337982,0.2428541264170126,0.998833138856476,2.3538271393213974,0.3022170361726954,-0.4703823521368144,True,0.45547828539585977,0.001166861143524045,-7.240408338016584,0.0,0.0,0.23333333333333334,heavy_a0.1_nc30,0.8306229449924465,0.176893519765919
fednova_sgd,0.1,30,102,55,MITM,3.0,1.0,0.20933320999695348,0.9902454848104687,14.402701730781445,0.1078124869193469,0.0137808401867081,-2.41986844154025,0.1988590057049714,-0.6832651722084074,True,0.7809122748135152,0.9862191598132919,-16.822570172321694,0.0,0.0,0.1,heavy_a0.1_nc30,0.9402849842988508,0.5172796280002712
fednova_sgd,0.1,30,102,55,Manipulation,2.0,1.0,0.8452314886970709,1.0,13.779284495368112,0.0326167538400146,0.0,-1.908165550427961,0.7934224049331963,0.2499409172787328,True,0.15476851130292912,1.0,-15.687450045796073,1.0,1.0,0.06666666666666667,heavy_a0.1_nc30,0.9334386391251519,0.5000049901894057
fednova_sgd,0.1,30,102,55,Password Cracking,1.0,0.9999929659198818,0.9999929659198818,0.9999929659198818,14.68434158125022,0.0811433025660869,0.0,,0.0,,False,0.0,,,,,0.03333333333333333,heavy_a0.1_nc30,0.9666666666666667,1.0
fednova_sgd,0.1,30,102,55,Regular,7.0,0.9991586123576112,0.6884819352098023,0.9883565556722286,10.528317510402731,0.4036370959415326,0.9958417138037406,5.686486314058989,0.6854684117706041,0.7286903830945575,True,0.2998746204624263,0.0033168985538705176,-4.841831196343742,0.0,0.0,0.23333333333333334,heavy_a0.1_nc30,0.8736465451806605,0.26198392568578754
fednova_sgd,0.1,30,102,55,Replay,4.0,1.0,0.0,1.0,13.89554999662527,0.0017222278549775,0.0,-1.6984625891057028,0.0,-0.5034145935339862,True,1.0,1.0,-15.594012585730972,1.0,1.0,0.13333333333333333,heavy_a0.1_nc30,0.8695922225222792,0.25043120331669394
fednova_sgd,0.1,30,102,55,Unauth,3.0,1.0,0.9966499121669784,1.0,9.57738017733135,0.0941709354166879,0.0,-1.5707903227493307,0.994645247657296,1.3711993563446494,True,0.0033500878330215977,1.0,-11.14817050008068,1.0,1.0,0.1,heavy_a0.1_nc30,0.9197606837606838,0.38275555555555557
fednova_sgd,0.1,30,102,55,Video,4.0,0.9998119122257052,0.9319960604918807,0.9337927866270189,9.377494778593928,0.1976748296143195,0.5471195471195471,0.3029770217575393,0.9351481851481852,1.8812177405927408,True,0.0017967261351382602,0.45269236510615807,-9.074517756836388,0.0,0.0,0.13333333333333333,heavy_a0.1_nc30,0.892333927270278,0.2811618759734052
fednova_sgd,0.3,15,103,11,DoS,7.0,1.0,0.9998892265499861,0.9999602010632053,32.44336569670215,0.7186122461888209,0.999825962103248,16.553272932212238,0.999869471577436,16.255371380555616,True,7.097451321913528e-05,0.00017403789675196624,-15.890092764489914,0.0,0.0,0.4666666666666667,moderate_a0.3_nc15,0.7328787820664249,0.23013546068371868
fednova_sgd,0.3,15,103,11,Injection,3.0,1.0,0.9983949897470028,0.998664358108042,8.099416138593622,0.0428808225765793,0.0,-1.031284012507379,0.9964580873671782,1.0902210582386365,True,0.0002693683610391906,1.0,-9.130700151101001,1.0,1.0,0.2,moderate_a0.3_nc15,0.8445647969052225,0.393674113038696
fednova_sgd,0.3,15,103,11,Ip Spoofing,3.0,1.0,0.5960759476882748,0.7789077695580072,14.78199605738863,0.2464195054978275,0.1353558926487748,-0.6059866585837222,0.2158693115519253,-0.8668813983645712,True,0.18283182186973246,0.8646441073512252,-15.387982715972353,0.0,0.0,0.2,moderate_a0.3_nc15,0.8645161290322582,0.4545083543348718
fednova_sgd,0.3,15,103,11,MITM,3.0,0.9998277910761336,0.2892985901988945,0.9215343108583529,5.395955051183721,0.2097118210036453,0.3147366081351411,-1.0796336179451915,0.268355930947618,-1.1442934313093882,True,0.6322357206594584,0.6850911829409925,-6.475588669128912,0.0,0.0,0.2,moderate_a0.3_nc15,0.8852281637721776,0.5376313290244756
fednova_sgd,0.3,15,103,11,Manipulation,4.0,1.0,0.09621728999867542,0.9062040952237166,8.690072600076869,0.4985647326058707,0.9917780061664954,1.0874554750730665,0.1644398766700925,-0.9392901790105304,True,0.8099868052250412,0.008221993833504637,-7.602617125003802,0.0,0.0,0.26666666666666666,moderate_a0.3_nc15,0.7376589712434184,0.2502406363820241
fednova_sgd,0.3,15,103,11,Password Cracking,1.0,0.9999859318397636,0.9999788977596454,0.9999859318397636,13.971108992796662,0.0999533979932301,0.0,,0.0,,False,7.034080118151209e-06,,,,,0.06666666666666667,moderate_a0.3_nc15,0.9333333333333333,1.0
fednova_sgd,0.3,15,103,11,Regular,10.0,0.999085242623439,0.9927973516730375,0.9320483015776937,9.310328975977686,0.7143478370064582,0.9921316967577164,6.525367976532962,0.9924384072289298,6.317386608364643,True,-0.060749050095343815,0.00695354586572261,-2.784960999444724,0.0,0.0,0.6666666666666666,moderate_a0.3_nc15,0.6223354081039894,0.17180948250499076
fednova_sgd,0.3,15,103,11,Replay,2.0,1.0,0.9631961888679349,1.0,10.079684420748874,0.0985139447901095,0.0,-1.298454376080069,0.9788018433179724,1.2634735248055875,True,0.0368038111320651,1.0,-11.378138796828944,1.0,1.0,0.13333333333333333,moderate_a0.3_nc15,0.9013592582590692,0.6354022900321895
fednova_sgd,0.3,15,103,11,Unauth,3.0,1.0,0.0008823031301536646,0.9960555328101339,9.565673828125,0.0808168094647652,0.9705488621151273,0.8057983378010741,0.0,-1.200986308106776,True,0.9951732296799802,0.029451137884872747,-8.759875490323926,0.0,0.0,0.2,moderate_a0.3_nc15,0.8307236467236466,0.3599265979983929
fednova_sgd,0.3,15,103,11,Video,2.0,0.9998119122257052,0.4193323629967943,0.9886772296639439,6.504921791016995,0.1773597033098587,0.3123543123543124,-0.6908671975810647,0.3637196137196137,-0.4933833256587163,True,0.5693448666671497,0.6874575998713928,-7.195788988598061,0.0,0.0,0.13333333333333333,moderate_a0.3_nc15,0.8942682023304371,0.5857075367373191
fednova_sgd,0.3,15,103,22,DoS,7.0,1.0,0.9998972515732263,0.9999592944217278,29.648109895346327,0.7186122461888209,0.99989122631453,15.539243251272651,0.999869471577436,15.462452003611286,True,6.204284850153119e-05,0.00010877368547002053,-14.108866644073675,0.0,0.0,0.4666666666666667,moderate_a0.3_nc15,0.7328787820664249,0.23013546068371868
fednova_sgd,0.3,15,103,22,Injection,3.0,1.0,0.9981256213859637,0.998664358108042,7.75523335292314,0.0428808225765793,0.0,-1.6294665916469897,0.9976387249114522,1.1224246334719967,True,0.0005387367220782702,1.0,-9.38469994457013,1.0,1.0,0.2,moderate_a0.3_nc15,0.8445647969052225,0.393674113038696
fednova_sgd,0.3,15,103,22,Ip Spoofing,3.0,1.0,0.6010907549666005,0.8782713607677995,15.414428494500775,0.2464195054978275,0.072345390898483,-0.9300109792061698,0.2275379229871645,-0.7837714570266919,True,0.2771806058011991,0.927654609101517,-16.344439473706945,0.0,0.0,0.2,moderate_a0.3_nc15,0.8645161290322582,0.4545083543348718
fednova_sgd,0.3,15,103,22,MITM,3.0,0.9998450119685202,0.2621314800988406,0.9152899880237952,5.771512998006681,0.2097118210036453,0.3043639327257909,-0.8567368811992943,0.2259020523079203,-1.2716964446960437,True,0.6531585079249547,0.6954810792427293,-6.628249879205976,0.0,0.0,0.2,moderate_a0.3_nc15,0.8852281637721776,0.5376313290244756
fednova_sgd,0.3,15,103,22,Manipulation,4.0,1.0,0.11838448634761528,0.8246767878066397,8.366335433050496,0.4985647326058707,0.9938335046248716,1.3771386768933067,0.1870503597122302,-0.8272925569979285,True,0.7062923014590243,0.006166495375128367,-6.98919675615719,0.0,0.0,0.26666666666666666,moderate_a0.3_nc15,0.7376589712434184,0.2502406363820241
fednova_sgd,0.3,15,103,22,Password Cracking,1.0,0.9999788977596454,0.9999859318397636,0.9999788977596454,15.285072424922186,0.0999533979932301,0.0,,0.0,,False,-7.034080118151209e-06,,,,,0.06666666666666667,moderate_a0.3_nc15,0.9333333333333333,1.0
fednova_sgd,0.3,15,103,22,Regular,10.0,0.9989576020592678,0.993214635396661,0.8946014553089379,9.1973554790592,0.7143478370064582,0.9917247155555292,6.101518222592544,0.992857184987702,6.329479426713155,True,-0.09861318008772313,0.007232886503738545,-3.0958372564666554,0.0,0.0,0.6666666666666666,moderate_a0.3_nc15,0.6223354081039894,0.17180948250499076
fednova_sgd,0.3,15,103,22,Replay,2.0,1.0,0.9577054799953995,1.0,10.083581261101244,0.0985139447901095,0.0,-1.5653288810483872,0.9649769585253456,1.146388181343606,True,0.042294520004600544,1.0,-11.648910142149631,1.0,1.0,0.13333333333333333,moderate_a0.3_nc15,0.9013592582590692,0.6354022900321895
fednova_sgd,0.3,15,103,22,Unauth,3.0,1.0,0.0,0.9960555328101339,9.736495878067483,0.0808168094647652,0.9839357429718876,1.2698019454118556,0.0,-1.3299610132832764,True,0.9960555328101339,0.016064257028112428,-8.466693932655627,0.0,0.0,0.2,moderate_a0.3_nc15,0.8307236467236466,0.3599265979983929
fednova_sgd,0.3,15,103,22,Video,2.0,0.9997492163009404,0.4247549920436964,0.9990751186207012,7.9649790615906495,0.1773597033098587,0.3422410922410922,-0.6163126424356893,0.3864468864468864,-0.4987884125152191,True,0.5743201265770048,0.6575081240598482,-8.581291704026338,0.0,0.0,0.13333333333333333,moderate_a0.3_nc15,0.8942682023304371,0.5857075367373191
fednova_sgd,0.3,15,103,33,DoS,7.0,1.0,0.9998494493880108,0.9999618626502578,34.57594864867295,0.7186122461888209,0.99989122631453,16.717778430042205,0.999825962103248,16.694325038886593,True,0.00011241326224697978,0.00010877368547002053,-17.858170218630743,0.0,0.0,0.4666666666666667,moderate_a0.3_nc15,0.7328787820664249,0.23013546068371868
fednova_sgd,0.3,15,103,33,Injection,3.0,1.0,0.9981256213859637,1.0,7.434598259914146,0.0428808225765793,0.0,-1.4011746421192444,0.9976387249114522,1.6133057505349764,True,0.0018743786140362761,1.0,-8.83577290203339,1.0,1.0,0.2,moderate_a0.3_nc15,0.8445647969052225,0.393674113038696
fednova_sgd,0.3,15,103,33,Ip Spoofing,3.0,0.9997783687943262,0.6171182546881403,0.43067911750132437,13.697157947729666,0.2464195054978275,0.0245040840140023,-1.1359084139348743,0.2403733955659276,-0.8133767839073439,True,-0.18643913718681593,0.975274284780324,-14.83306636166454,0.0,0.0,0.2,moderate_a0.3_nc15,0.8645161290322582,0.4545083543348718
fednova_sgd,0.3,15,103,33,MITM,3.0,0.9997761283989736,0.28416456292847975,0.8934859174036744,5.728339262208537,0.2097118210036453,0.2770245239682892,-1.0155687266441151,0.2484255760539379,-1.185211215556582,True,0.6093213544751948,0.7227516044306843,-6.743907988852651,0.0,0.0,0.2,moderate_a0.3_nc15,0.8852281637721776,0.5376313290244756
fednova_sgd,0.3,15,103,33,Manipulation,4.0,1.0,0.08656564463791497,0.9966679357036683,8.22920855014191,0.4985647326058707,0.9938335046248716,1.544901676315198,0.132579650565262,-0.9381899858182652,True,0.9101022910657534,0.006166495375128367,-6.684306873826713,0.0,0.0,0.26666666666666666,moderate_a0.3_nc15,0.7376589712434184,0.2502406363820241
fednova_sgd,0.3,15,103,33,Password Cracking,1.0,0.9999859318397636,0.9999929659198818,0.9999859318397636,14.86379156426951,0.0999533979932301,0.0,,0.0,,False,-7.0340801182622315e-06,,,,,0.06666666666666667,moderate_a0.3_nc15,0.9333333333333333,1.0
fednova_sgd,0.3,15,103,33,Regular,10.0,0.999085242623439,0.9929043389368303,0.9044047636902661,9.571230557784007,0.7143478370064582,0.9923676278894192,6.427357403592642,0.9925563727947811,6.533797422618275,True,-0.08849957524656415,0.006717614734019772,-3.1438731541913656,0.0,0.0,0.6666666666666666,moderate_a0.3_nc15,0.6223354081039894,0.17180948250499076
fednova_sgd,0.3,15,103,33,Replay,2.0,1.0,0.9597087171473021,1.0,10.37447872677365,0.0985139447901095,0.0,-1.6348918580789171,0.9714285714285714,1.2568025228614632,True,0.040291282852697896,1.0,-12.009370584852567,1.0,1.0,0.13333333333333333,moderate_a0.3_nc15,0.9013592582590692,0.6354022900321895
fednova_sgd,0.3,15,103,33,Unauth,3.0,1.0,0.0,1.0,9.86109222224885,0.0808168094647652,0.9879518072289156,1.1691667998491362,0.0,-1.74093361360481,True,1.0,0.012048192771084376,-8.691925422399713,0.0,0.0,0.2,moderate_a0.3_nc15,0.8307236467236466,0.3599265979983929
fednova_sgd,0.3,15,103,33,Video,2.0,0.9995611285266458,0.3828886651925806,0.9985939249250485,7.877195876480131,0.1773597033098587,0.3093573093573094,-0.6285446934250645,0.3270895770895771,-0.6118409178711913,True,0.6157052597324679,0.6902038191693365,-8.505740569905194,0.0,0.0,0.13333333333333333,moderate_a0.3_nc15,0.8942682023304371,0.5857075367373191
fednova_sgd,0.3,15,103,44,DoS,7.0,1.0,0.9998346945736144,0.9999550070492894,24.493379351578795,0.7186122461888209,0.999869471577436,14.680708060605978,0.99978245262906,14.299614822182216,True,0.00012031247567501069,0.00013052842256400243,-9.812671290972817,0.0,0.0,0.4666666666666667,moderate_a0.3_nc15,0.7328787820664249,0.23013546068371868
fednova_sgd,0.3,15,103,44,Injection,3.0,1.0,0.9981256213859637,1.0,9.414242161948078,0.0428808225765793,0.0,-1.510205769904811,0.9964580873671782,1.000806499963105,True,0.0018743786140362761,1.0,-10.924447931852889,1.0,1.0,0.2,moderate_a0.3_nc15,0.8445647969052225,0.393674113038696
fednova_sgd,0.3,15,103,44,Ip Spoofing,3.0,0.9997783687943262,0.4575451756346642,0.6460309255726286,15.88204328388187,0.2464195054978275,0.1925320886814469,-0.8102737480172477,0.131855309218203,-0.6185945134735997,True,0.18848574993796446,0.8072462801128794,-16.69231703189912,0.0,0.0,0.2,moderate_a0.3_nc15,0.8645161290322582,0.4545083543348718
fednova_sgd,0.3,15,103,44,MITM,3.0,0.9994833732284008,0.3034871700079663,0.892895990619991,5.219884459920525,0.2097118210036453,0.3217752093057716,-1.1437765159474096,0.2672445728680447,-1.1816553400032184,True,0.5894088206120247,0.6777081639226292,-6.363660975867935,0.0,0.0,0.2,moderate_a0.3_nc15,0.8852281637721776,0.5376313290244756
fednova_sgd,0.3,15,103,44,Manipulation,4.0,1.0,0.9894402899203948,0.9484038692828062,9.493925818206009,0.4985647326058707,0.3144912641315519,-0.4260785493919318,0.9886947584789312,0.9181573599240028,True,-0.04103642063758861,0.6855087358684482,-9.92000436759794,0.0,0.0,0.26666666666666666,moderate_a0.3_nc15,0.7376589712434184,0.2502406363820241
fednova_sgd,0.3,15,103,44,Password Cracking,1.0,0.9999929659198818,0.9999929659198818,0.9999929659198818,14.587103536163964,0.0999533979932301,0.0,,0.0,,False,0.0,,,,,0.06666666666666667,moderate_a0.3_nc15,0.9333333333333333,1.0
fednova_sgd,0.3,15,103,44,Regular,10.0,0.9991916097602483,0.9928776828399235,0.9430905284580218,10.186481099485665,0.7143478370064582,0.9919960363569874,7.048243918967241,0.9926153555777067,6.817141864375726,True,-0.04978715438190173,0.007195573403260935,-3.1382371805184235,0.0,0.0,0.6666666666666666,moderate_a0.3_nc15,0.6223354081039894,0.17180948250499076
fednova_sgd,0.3,15,103,44,Replay,2.0,1.0,0.0,1.0,12.279444239161036,0.0985139447901095,0.9317972350230416,0.6137364541330645,0.0009216589861751,-1.2387725689444125,True,1.0,0.06820276497695843,-11.665707785027971,0.0,0.0,0.13333333333333333,moderate_a0.3_nc15,0.9013592582590692,0.6354022900321895
fednova_sgd,0.3,15,103,44,Unauth,3.0,1.0,0.0,1.0,9.719301188650308,0.0808168094647652,0.9866131191432396,1.3102461011853404,0.0,-1.075221859626821,True,1.0,0.01338688085676043,-8.409055087464967,0.0,0.0,0.2,moderate_a0.3_nc15,0.8307236467236466,0.3599265979983929
fednova_sgd,0.3,15,103,44,Video,2.0,0.9993103448275862,0.35892901028762864,0.9442650908149491,5.998230462627351,0.1773597033098587,0.2683982683982684,-0.7332510832266692,0.3243423243423243,-0.5404760238134262,True,0.5853360805273204,0.7309120764293178,-6.73148154585402,0.0,0.0,0.13333333333333333,moderate_a0.3_nc15,0.8942682023304371,0.5857075367373191
fednova_sgd,0.3,15,103,55,DoS,7.0,1.0,0.9998900095011476,0.999944447058732,35.61634910181256,0.7186122461888209,0.99978245262906,16.412880435964933,0.999847716840342,16.34789623194357,True,5.443755758438584e-05,0.00021754737094004106,-19.203468665847627,0.0,0.0,0.4666666666666667,moderate_a0.3_nc15,0.7328787820664249,0.23013546068371868
fednova_sgd,0.3,15,103,55,Injection,3.0,1.0,0.9981256213859637,0.998664358108042,8.237394262524925,0.0428808225765793,0.0,-1.558920039477568,0.9976387249114522,1.1787265025457496,True,0.0005387367220782702,1.0,-9.796314302002493,1.0,1.0,0.2,moderate_a0.3_nc15,0.8445647969052225,0.393674113038696
fednova_sgd,0.3,15,103,55,Ip Spoofing,3.0,0.9997783687943262,0.5646691803180347,0.8812723991273113,17.69155050507674,0.2464195054978275,0.2030338389731621,-0.6597060712104361,0.1796966161026837,-1.0043530102510574,True,0.31660321880927655,0.7967445298211642,-18.351256576287177,0.0,0.0,0.2,moderate_a0.3_nc15,0.8645161290322582,0.4545083543348718
fednova_sgd,0.3,15,103,55,MITM,3.0,0.9997761283989736,0.2838321034847591,0.9007010857386533,5.356107739284299,0.2097118210036453,0.2400533451878195,-1.2384953275206991,0.2567237163814181,-1.193779182193844,True,0.6168689822538942,0.759722783211154,-6.594603066804998,0.0,0.0,0.2,moderate_a0.3_nc15,0.8852281637721776,0.5376313290244756
fednova_sgd,0.3,15,103,55,Manipulation,4.0,1.0,0.17968696366216938,0.895072288599481,8.630956384519868,0.4985647326058707,0.9917780061664954,1.2124295366998812,0.2446043165467626,-0.7127942107809289,True,0.7153853249373116,0.008221993833504637,-7.418526847819987,0.0,0.0,0.26666666666666666,moderate_a0.3_nc15,0.7376589712434184,0.2502406363820241
fednova_sgd,0.3,15,103,55,Password Cracking,1.0,0.9999929659198818,0.9999929659198818,0.9999929659198818,14.81617244239748,0.0999533979932301,0.0,,0.0,,False,0.0,,,,,0.06666666666666667,moderate_a0.3_nc15,0.9333333333333333,1.0
fednova_sgd,0.3,15,103,55,Regular,10.0,0.9987874146403728,0.9929227458449017,0.942669182004137,9.24627129084318,0.7143478370064582,0.9928689815442872,6.391430431788992,0.99266844008234,6.324242337353133,True,-0.05025356384076474,0.00591843309608564,-2.854840859054189,0.0,0.0,0.6666666666666666,moderate_a0.3_nc15,0.6223354081039894,0.17180948250499076
fednova_sgd,0.3,15,103,55,Replay,2.0,1.0,0.9545914644963641,1.0,9.698320243117228,0.0985139447901095,0.0,-1.421309313796083,0.9631336405529954,1.0587677986391129,True,0.04540853550363588,1.0,-11.119629556913312,1.0,1.0,0.13333333333333333,moderate_a0.3_nc15,0.9013592582590692,0.6354022900321895
fednova_sgd,0.3,15,103,55,Unauth,3.0,1.0,0.0008823031301536646,1.0,9.439387222009202,0.0808168094647652,0.998661311914324,1.3786203775061183,0.0,-1.2687060497850775,True,0.9991176968698463,0.0013386880856760541,-8.060766844503084,0.0,0.0,0.2,moderate_a0.3_nc15,0.8307236467236466,0.3599265979983929
fednova_sgd,0.3,15,103,55,Video,2.0,0.9996865203761756,0.4671662110395957,0.8834626485748038,5.88989020559855,0.1773597033098587,0.3598068598068598,-0.7482341876873126,0.412004662004662,-0.4736838377280272,True,0.4162964375352081,0.6398796605693158,-6.638124393285863,0.0,0.0,0.13333333333333333,moderate_a0.3_nc15,0.8942682023304371,0.5857075367373191
fednova_sgd,1.0,10,101,11,DoS,7.0,1.0,0.9999862908933873,0.999792731238913,36.362788771489974,0.8264572894003224,0.999869471577436,16.729037653710815,1.0,17.213366467384212,True,-0.0001935596544743179,0.00013052842256400243,-19.63375111777916,0.0,0.0,0.7,light_a1.0_nc10,0.6608429052246475,0.2774375670312191
fednova_sgd,1.0,10,101,11,Injection,4.0,1.0,0.9990414586973505,1.0,7.71649108270202,0.2100276170375448,0.0129870129870129,-1.6478961822978158,0.9634002361275088,2.046764315230224,True,0.000958541302649496,0.9870129870129871,-9.364387264999836,0.0,0.0,0.4,light_a1.0_nc10,0.7148549323017408,0.3390949870739162
fednova_sgd,1.0,10,101,11,Ip Spoofing,3.0,1.0,0.9066150468892414,0.873930656698535,8.239949383635743,0.3139114896736092,0.0023337222870478,-2.646690057066803,0.751458576429405,0.9151345679195232,True,-0.03268439019070646,0.9976662777129522,-10.886639440702545,0.0,0.0,0.3,light_a1.0_nc10,0.7452945881098374,0.35932673352333094
fednova_sgd,1.0,10,101,11,MITM,6.0,0.9961969039584336,0.8094175506938848,0.9773135350293185,8.688606949270751,0.6910203234979224,0.2173816403645254,-1.5587265196664073,0.9104986293250352,1.4233256985348597,True,0.16789598433543373,0.7788152635939083,-10.247333468937159,0.0,0.0,0.6,light_a1.0_nc10,0.6798755163370738,0.2893182314182509
fednova_sgd,1.0,10,101,11,Manipulation,4.0,1.0,0.006846445923537569,0.9808095624564845,9.542317096452068,0.4213681828286953,0.9958890030832476,1.9258304294064748,0.001027749229188,-1.543616613405704,True,0.973963116532947,0.00411099691675243,-7.616486667045594,0.0,0.0,0.4,light_a1.0_nc10,0.6064884568651276,0.2502406363820241
fednova_sgd,1.0,10,101,11,Password Cracking,1.0,0.999915591038582,0.9998804206379912,0.999915591038582,16.373885428023776,0.1216842579165275,0.0,,0.0,,False,3.5170400590756046e-05,,,,,0.1,light_a1.0_nc10,0.9,1.0
fednova_sgd,1.0,10,101,11,Regular,9.0,0.9992212578496756,0.7052421104129794,0.9350267817565523,11.455557640714066,0.9817219674046403,0.9943022631693808,9.27671023804714,0.6990108587303366,2.6992375507620574,True,0.22978467134357294,0.004918994680294886,-2.178847402666925,0.0,0.0,0.9,light_a1.0_nc10,0.45833941779067977,0.17955718567439208
fednova_sgd,1.0,10,101,11,Replay,4.0,0.9988901220865704,0.8919969448561524,0.770752873163712,5.657106253468369,0.3387365926212559,0.0,-1.3652142362111177,0.92073732718894,0.871714114703341,True,-0.12124407169244045,0.9988901220865704,-7.022320489679487,1.0,1.0,0.4,light_a1.0_nc10,0.6087766675668377,0.25043120331669394
fednova_sgd,1.0,10,101,11,Unauth,3.0,1.0,0.00044050592675214085,1.0,8.304602898618372,0.2014118268637779,0.963855421686747,1.199247898985264,0.0,-2.5266778785062125,True,0.9995594940732478,0.03614457831325302,-7.105354999633108,0.0,0.0,0.3,light_a1.0_nc10,0.7376752136752136,0.3565688070713712
fednova_sgd,1.0,10,101,11,Video,3.0,0.9983217722085478,0.4148320501516948,0.9939183792276867,7.713365242682449,0.2063934046533173,0.5435397935397935,0.5463149318129786,0.3768731268731268,-0.3440566391616196,True,0.5790863290759919,0.45478197866875425,-7.16705031086947,0.0,0.0,0.3,light_a1.0_nc10,0.7626058524219769,0.3823639815965862
fednova_sgd,1.0,10,101,22,DoS,7.0,1.0,0.9997751879847617,0.9997706084847313,30.49843582109599,0.8264572894003224,0.999760697891966,16.226104120891073,0.999869471577436,16.67455261723084,True,-4.5795000304105216e-06,0.00023930210803402296,-14.272331700204916,0.0,0.0,0.7,light_a1.0_nc10,0.6608429052246475,0.2774375670312191
fednova_sgd,1.0,10,101,22,Injection,4.0,1.0,0.027480898243806444,0.9998775760062808,9.571389261102604,0.2100276170375448,0.9905548996458088,1.8640626729449528,0.0200708382526564,-1.7052301724376475,True,0.9723966777624744,0.009445100354191216,-7.707326588157652,0.0,0.0,0.4,light_a1.0_nc10,0.7148549323017408,0.3390949870739162
fednova_sgd,1.0,10,101,22,Ip Spoofing,3.0,1.0,0.35826525748982607,0.9453286648990842,8.423818338616003,0.3139114896736092,0.6592765460910152,0.3885489500528734,0.0233372228704784,-2.244994689870187,True,0.5870634074092581,0.34072345390898484,-8.03526938856313,0.0,0.0,0.3,light_a1.0_nc10,0.7452945881098374,0.35932673352333094
fednova_sgd,1.0,10,101,22,MITM,6.0,0.9945184025058732,0.6811934926380505,0.929100139779244,9.398913927907204,0.6910203234979224,0.2747277172705045,-1.274455467100328,0.7362376824479514,0.5143473542442302,True,0.24790664714119348,0.7197906852353687,-10.673369395007532,0.0,0.0,0.6,light_a1.0_nc10,0.6798755163370738,0.2893182314182509
fednova_sgd,1.0,10,101,22,Manipulation,4.0,1.0,0.9605638244008264,1.0,9.61503245418233,0.4213681828286953,0.3669064748201439,-0.2533286507303643,0.9835560123329908,1.161139759718453,True,0.03943617559917356,0.6330935251798562,-9.868361104912694,0.0,0.0,0.4,light_a1.0_nc10,0.6064884568651276,0.2502406363820241
fednova_sgd,1.0,10,101,22,Password Cracking,1.0,0.9999085569584638,0.9998663524777548,0.9999085569584638,17.79689522298034,0.1216842579165275,0.0,,0.0,,False,4.220448070901828e-05,,,,,0.1,light_a1.0_nc10,0.9,1.0
fednova_sgd,1.0,10,101,22,Regular,9.0,0.9990944858717158,0.8104435186029478,0.9465369593158168,11.020903143697453,0.9817219674046403,0.9936652491137836,9.1276805255624,0.8034752655699802,3.179924200096695,True,0.136093440712869,0.005429236757932165,-1.8932226181350522,0.0,0.0,0.9,light_a1.0_nc10,0.45833941779067977,0.17955718567439208
fednova_sgd,1.0,10,101,22,Replay,4.0,1.0,0.08379447886940933,0.7671410538373856,5.208381745976692,0.3387365926212559,0.7059907834101382,0.1247850549935195,0.0221198156682027,-0.6861999230450749,True,0.6833465749679764,0.2940092165898618,-5.083596690983173,0.0,0.0,0.4,light_a1.0_nc10,0.6087766675668377,0.25043120331669394
fednova_sgd,1.0,10,101,22,Unauth,3.0,1.0,0.9704930239583313,1.0,7.762253534226191,0.2014118268637779,0.0,-2.3562914172967915,0.9518072289156626,1.1112544048263366,True,0.029506976041668742,1.0,-10.118544951522981,1.0,1.0,0.3,light_a1.0_nc10,0.7376752136752136,0.3565688070713712
fednova_sgd,1.0,10,101,22,Video,3.0,0.9954128440366972,0.649431847088495,0.9913497782922099,7.436266708174763,0.2063934046533173,0.3583916083916084,-0.935391919278638,0.5854978354978355,0.6871225291635448,True,0.34191793120371494,0.6370212356450888,-8.371658627453401,0.0,0.0,0.3,light_a1.0_nc10,0.7626058524219769,0.3823639815965862
fednova_sgd,1.0,10,101,33,DoS,7.0,0.9999970891477606,0.9999157533150304,0.9997768515829926,37.03488482718481,0.8264572894003224,0.999521395783932,17.316438032311222,0.99989122631453,17.392589342286314,True,-0.00013890173203778833,0.00047569336382868865,-19.71844679487359,0.0,0.0,0.7,light_a1.0_nc10,0.6608429052246475,0.2774375670312191
fednova_sgd,1.0,10,101,33,Injection,4.0,1.0,0.998796610709912,0.998817461357016,7.873109686064319,0.2100276170375448,0.0165289256198347,-1.5386114019148465,0.9917355371900828,2.302718089350281,True,2.08506471039982e-05,0.9834710743801653,-9.411721087979165,0.0,0.0,0.4,light_a1.0_nc10,0.7148549323017408,0.3390949870739162
fednova_sgd,1.0,10,101,33,Ip Spoofing,3.0,0.998177953234133,0.3762328542801029,0.8466594579610638,7.587886324922184,0.3139114896736092,0.5425904317386231,0.2278828748883277,0.0501750291715285,-2.0358365391627773,True,0.4704266036809609,0.45558752149550996,-7.360003450033856,0.0,0.0,0.3,light_a1.0_nc10,0.7452945881098374,0.35932673352333094
fednova_sgd,1.0,10,101,33,MITM,6.0,0.9937353171495692,0.19013118703613957,0.9417749641523717,9.41368089883516,0.6910203234979224,0.9417648366303624,1.2805475869637697,0.1701118767133437,-1.8334016898141716,True,0.7516437771162321,0.05197048051920683,-8.13313331187139,0.0,0.0,0.6,light_a1.0_nc10,0.6798755163370738,0.2893182314182509
fednova_sgd,1.0,10,101,33,Manipulation,4.0,1.0,0.9948505314395116,0.9372031222167589,9.9588026462641,0.4213681828286953,0.0688591983556012,-0.7970496213938447,0.9938335046248716,1.2749888781775918,True,-0.05764740922275269,0.9311408016443988,-10.755852267657945,0.0,0.0,0.4,light_a1.0_nc10,0.6064884568651276,0.2502406363820241
fednova_sgd,1.0,10,101,33,Password Cracking,1.0,0.9999085569584638,0.9999296591988184,0.9999085569584638,16.481050243115394,0.1216842579165275,0.0,,0.0,,False,-2.110224035456465e-05,,,,,0.1,light_a1.0_nc10,0.9,1.0
fednova_sgd,1.0,10,101,33,Regular,9.0,0.9990220447414532,0.9953556943818864,0.9416230846864109,11.679947835311882,0.9817219674046403,0.7975769872774138,3.1351890626290246,0.9954760205496016,9.118873670306888,True,-0.05373260969547555,0.2014450574640394,-8.544758772682858,0.0,0.0,0.9,light_a1.0_nc10,0.45833941779067977,0.17955718567439208
fednova_sgd,1.0,10,101,33,Replay,4.0,1.0,0.0033211313069206098,0.9288743175494465,5.984414561077969,0.3387365926212559,0.9548387096774194,0.7447688089537731,0.0,-0.8487115675403226,True,0.9255531862425259,0.04516129032258065,-5.239645752124196,0.0,0.0,0.4,light_a1.0_nc10,0.6087766675668377,0.25043120331669394
fednova_sgd,1.0,10,101,33,Unauth,3.0,1.0,0.0,1.0,9.24243401092233,0.2014118268637779,0.9625167336010708,1.06151833081022,0.0,-2.657370612005313,True,1.0,0.03748326639892918,-8.180915680112111,0.0,0.0,0.3,light_a1.0_nc10,0.7376752136752136,0.3565688070713712
fednova_sgd,1.0,10,101,33,Video,3.0,0.9979301857238756,0.5050320687640623,0.9937508368032665,7.509673004230095,0.2063934046533173,0.3491508491508491,-0.378607730566959,0.4824342324342324,0.0161809244832316,True,0.4887187680392042,0.6487793365730266,-7.888280734797053,0.0,0.0,0.3,light_a1.0_nc10,0.7626058524219769,0.3823639815965862
fednova_sgd,1.0,10,101,44,DoS,7.0,0.9999827621277052,0.9995819898175602,0.9995286612342916,34.84919804351719,0.8264572894003224,0.999608414732308,17.0235707477647,0.999717188417778,16.8258105849033,True,-5.332858326856371e-05,0.00037434739539721207,-17.82562729575249,0.0,0.0,0.7,light_a1.0_nc10,0.6608429052246475,0.2774375670312191
fednova_sgd,1.0,10,101,44,Injection,4.0,1.0,0.0,0.9886662112137652,10.244846501722815,0.2100276170375448,0.9669421487603306,2.0884792143226094,0.0,-1.8318665199324824,True,0.9886662112137652,0.03305785123966942,-8.156367287400206,0.0,0.0,0.4,light_a1.0_nc10,0.7148549323017408,0.3390949870739162
fednova_sgd,1.0,10,101,44,Ip Spoofing,3.0,0.9996963255390222,0.6369407149680912,0.7886904028426504,8.48251143524142,0.3139114896736092,0.3418903150525088,-0.1493853966302326,0.3208868144690782,-0.6396809848353632,True,0.1517496878745591,0.6578060104865134,-8.631896831871654,0.0,0.0,0.3,light_a1.0_nc10,0.7452945881098374,0.35932673352333094
fednova_sgd,1.0,10,101,44,MITM,6.0,0.9937353171495692,0.3383254404228823,0.9750460978508373,9.254074873360414,0.6910203234979224,0.8993109579906646,1.2066622082106209,0.2593909757723938,-1.5014581148241275,True,0.6367206574279549,0.09442435915890457,-8.047412665149793,0.0,0.0,0.6,light_a1.0_nc10,0.6798755163370738,0.2893182314182509
fednova_sgd,1.0,10,101,44,Manipulation,4.0,1.0,0.9672406263596832,1.0,9.33463052161654,0.4213681828286953,0.1551901336073998,-0.6323294095610789,0.9496402877697842,1.2749742937235031,True,0.03275937364031678,0.8448098663926003,-9.96695993117762,0.0,0.0,0.4,light_a1.0_nc10,0.6064884568651276,0.2502406363820241
fednova_sgd,1.0,10,101,44,Password Cracking,1.0,0.9999788977596454,0.999957795519291,0.9999788977596454,18.109237285900186,0.1216842579165275,0.0,,0.0,,False,2.1102240354453627e-05,,,,,0.1,light_a1.0_nc10,0.9,1.0
fednova_sgd,1.0,10,101,44,Regular,9.0,0.9993887779634082,0.994393877142579,0.9330660486323644,11.833963709116038,0.9817219674046403,0.7470051491969494,3.1352752875088106,0.994449720126695,8.94182841466076,True,-0.061327828510214566,0.2523836287664588,-8.698688421607226,0.0,0.0,0.9,light_a1.0_nc10,0.45833941779067977,0.17955718567439208
fednova_sgd,1.0,10,101,44,Replay,4.0,1.0,0.0,0.8583310749028479,6.37522815361404,0.3387365926212559,0.9290322580645162,0.5875753235707085,0.0,-1.2803460046442972,True,0.8583310749028479,0.07096774193548383,-5.787652830043331,0.0,0.0,0.4,light_a1.0_nc10,0.6087766675668377,0.25043120331669394
fednova_sgd,1.0,10,101,44,Unauth,3.0,1.0,0.995952271104546,1.0,7.256658718670685,0.2014118268637779,0.0,-2.498732090634674,0.9919678714859438,1.4038819462419994,True,0.004047728895454017,1.0,-9.755390809305359,1.0,1.0,0.3,light_a1.0_nc10,0.7376752136752136,0.3565688070713712
fednova_sgd,1.0,10,101,44,Video,3.0,0.9986574177668384,0.49193453293143186,0.9927663419032906,7.355572447368666,0.2063934046533173,0.4096736596736596,-0.0678674111634621,0.4641192141192141,0.1441014938024215,True,0.5008318089718587,0.5889837580931787,-7.423439858532128,0.0,0.0,0.3,light_a1.0_nc10,0.7626058524219769,0.3823639815965862
fednova_sgd,1.0,10,101,55,DoS,7.0,1.0,0.9997768250060455,0.9997923428951881,36.47155097152579,0.8264572894003224,0.99989122631453,16.613088006749408,0.999869471577436,16.76355770511998,True,1.5517889142668828e-05,0.00010877368547002053,-19.85846296477638,0.0,0.0,0.7,light_a1.0_nc10,0.6608429052246475,0.2774375670312191
fednova_sgd,1.0,10,101,55,Injection,4.0,1.0,0.9983069147350353,0.998226192035524,7.803932271726646,0.2100276170375448,0.0011806375442739,-1.4121204723011365,0.9634002361275088,2.474245902357586,True,-8.072269951131528e-05,0.9988193624557261,-9.216052744027783,0.0,0.0,0.4,light_a1.0_nc10,0.7148549323017408,0.3390949870739162
fednova_sgd,1.0,10,101,55,Ip Spoofing,3.0,0.9993926510780444,0.6484408346219944,0.7534588089597407,8.41540293805041,0.3139114896736092,0.2462077012835472,-0.8608315822819428,0.2578763127187864,-0.8235297720518524,True,0.10501797433774629,0.7531849497944972,-9.276234520332352,0.0,0.0,0.3,light_a1.0_nc10,0.7452945881098374,0.35932673352333094
fednova_sgd,1.0,10,101,55,MITM,6.0,0.9948192006766758,0.7710434026867613,0.966096232527699,10.062298493172474,0.6910203234979224,0.2219752537600948,-1.7459816012354596,0.7994369119063496,0.7162766494406164,True,0.19505282984093775,0.7728439469165811,-11.808280094407934,0.0,0.0,0.6,light_a1.0_nc10,0.6798755163370738,0.2893182314182509
fednova_sgd,1.0,10,101,55,Manipulation,4.0,1.0,0.8564509095979115,0.9822510976710208,10.003216965754229,0.4213681828286953,0.4121274409044193,0.123919111116572,0.881808838643371,0.4636504436935942,True,0.12580018807310933,0.5878725590955807,-9.879297854637656,0.0,0.0,0.4,light_a1.0_nc10,0.6064884568651276,0.2502406363820241
fednova_sgd,1.0,10,101,55,Password Cracking,1.0,0.9999437273590546,0.9999015228783456,0.9999437273590546,17.758018796380966,0.1216842579165275,0.0,,0.0,,False,4.220448070901828e-05,,,,,0.1,light_a1.0_nc10,0.9,1.0
fednova_sgd,1.0,10,101,55,Regular,9.0,0.9993344471157112,0.6552496804296343,0.9342275352507129,10.629988383597857,0.9817219674046403,0.9952400894178988,9.154570119653949,0.6468051975628314,2.1611741033280665,True,0.2789778548210786,0.004094357697812412,-1.475418263943908,0.0,0.0,0.9,light_a1.0_nc10,0.45833941779067977,0.17955718567439208
fednova_sgd,1.0,10,101,55,Replay,4.0,1.0,0.07980927871722121,0.8943670039658612,5.824018776879856,0.3387365926212559,0.9105990783410138,0.1898048084452405,0.1566820276497695,-0.3999151133172523,True,0.81455772524864,0.08940092165898617,-5.634213968434616,0.0,0.0,0.4,light_a1.0_nc10,0.6087766675668377,0.25043120331669394
fednova_sgd,1.0,10,101,55,Unauth,3.0,1.0,0.0,1.0,8.327541542195668,0.2014118268637779,0.994645247657296,1.0266474017816056,0.0,-3.167253384468865,True,1.0,0.0053547523427039945,-7.300894140414062,0.0,0.0,0.3,light_a1.0_nc10,0.7376752136752136,0.3565688070713712
fednova_sgd,1.0,10,101,55,Video,3.0,0.9966435444170956,0.598025827739747,0.9937169685714891,7.336555166125662,0.2063934046533173,0.3776223776223776,-0.7936780016858141,0.5447052947052947,0.4162522658006056,True,0.39569114083174206,0.619021166794718,-8.130233167811477,0.0,0.0,0.3,light_a1.0_nc10,0.7626058524219769,0.3823639815965862
