# mean_recall_pre_local / mean_recall_post_local / mean_max_local_recall are LOCAL FITTING/RETENTION EVIDENCE on the holder's own training rows (own_client_rows), not independent local-generalization evidence -- they are evaluated on the same rows the client just trained on this round.
# mean_global_recall and everything downstream of it (aggregation_recall_loss, aggregation_margin_change) are NaN where class_evaluable=False: that class has zero true support in the validation split, so global recall is 0/NaN by sklearn construction regardless of what was learned locally, and is not a measurable erosion event.
anchor,algorithm,class,n_seeds,class_evaluable,mean_recall_pre_local,mean_recall_post_local,mean_max_local_recall,mean_global_recall,mean_local_learning_gain,mean_aggregation_recall_loss,median_aggregation_recall_loss,mean_aggregation_margin_change,median_aggregation_margin_change
heavy_a0.1_nc30,fedavg_sgd,DoS,5,True,0.9999428465822671,0.99997397107638,1.0,0.9999434376835555,3.1124494112733106e-05,5.656231644437515e-05,6.52642112819457e-05,-33.22526084802458,-31.540440119505657
heavy_a0.1_nc30,fedavg_sgd,Injection,5,True,0.010353205915610644,0.9935702798200268,1.0,0.0059031877213695,0.983217073904416,0.9940968122786306,0.9940968122786304,-20.725328038661935,-19.86685948607848
heavy_a0.1_nc30,fedavg_sgd,Ip Spoofing,5,True,0.9465532301565295,0.9924813205578564,1.0,0.9822637106184364,0.04592809040132691,0.017736289381563575,0.011668611435239229,-30.72878220333025,-27.71543447875241
heavy_a0.1_nc30,fedavg_sgd,MITM,5,True,0.14530345957013027,0.9902077891839447,1.0,0.1791064681040231,0.8449043296138145,0.8208935318959769,0.8055864266133215,-29.68497076755467,-30.518830140368344
heavy_a0.1_nc30,fedavg_sgd,Manipulation,5,True,0.2049540015386707,1.0,1.0,0.16485097636176768,0.7950459984613293,0.8351490236382324,0.8088386433710175,-50.83361284167073,-48.43583249629803
heavy_a0.1_nc30,fedavg_sgd,Password Cracking,5,False,0.9999957795519292,0.9999957795519292,0.9999957795519292,0.0,0.0,,,,
heavy_a0.1_nc30,fedavg_sgd,Regular,5,True,0.9898116329360931,0.9877550500891443,0.99918839526362,0.9895034239505488,-0.0020565828469488513,0.00968497131307131,0.009513128464399001,-4.999320209759988,-4.980155118024271
heavy_a0.1_nc30,fedavg_sgd,Replay,5,True,0.0,0.3019173642992196,0.3615643180977954,0.0,0.3019173642992196,0.3615643180977954,0.3920086393088552,-6.7203597826649375,-7.47318468596306
heavy_a0.1_nc30,fedavg_sgd,Unauth,5,True,0.984428403150418,1.0,1.0,0.9759036144578314,0.015571596849581959,0.02409638554216862,0.022757697456492587,-27.295384156064245,-27.14070459082423
heavy_a0.1_nc30,fedavg_sgd,Video,5,True,0.7387954015219373,0.943832558449718,1.0,0.7567599067599067,0.20503715692778074,0.24324009324009327,0.2656510156510157,-11.324633779087204,-11.373977112438572
heavy_a0.1_nc30,fednova_sgd,DoS,5,True,0.9999284860004071,0.9999942604800767,1.0,0.9999260338938804,6.577447966968908e-05,7.396610611960508e-05,8.701894837603863e-05,-26.590969834375663,-27.30206501640831
heavy_a0.1_nc30,fednova_sgd,Injection,5,True,0.39833047609674643,0.9945655524065262,1.0,0.5976387249114522,0.5962350763097799,0.4023612750885478,0.00708382526564344,-9.697980486844836,-9.489700172024339
heavy_a0.1_nc30,fednova_sgd,Ip Spoofing,5,True,0.7237570113231614,0.9997492725518388,1.0,0.6513418903150525,0.27599226122867737,0.3486581096849476,0.002333722287047979,-8.429121571263643,-8.048635512392913
heavy_a0.1_nc30,fednova_sgd,MITM,5,True,0.1177107624326486,0.9902298761962062,1.0,0.0779136104319478,0.8725191137635576,0.9220863895680521,0.9548047714306883,-14.65228555107512,-14.520296973019578
heavy_a0.1_nc30,fednova_sgd,Manipulation,5,True,0.5041116912444994,1.0,1.0,0.3270298047276464,0.4958883087555006,0.6729701952723536,1.0,-13.299094610174956,-15.687450045796073
heavy_a0.1_nc30,fednova_sgd,Password Cracking,5,False,0.9999971863679527,0.9999985931839763,0.9999985931839763,0.0,1.4068160236302419e-06,,,,
heavy_a0.1_nc30,fednova_sgd,Regular,5,True,0.6741372495000524,0.986781378297289,0.999240593717639,0.9950135955314643,0.31264412879723663,0.00422699818617458,0.0038379661146742405,-4.7529452796759735,-4.718493665645122
heavy_a0.1_nc30,fednova_sgd,Replay,5,True,0.0,1.0,1.0,0.0,1.0,1.0,1.0,-12.745552430122105,-15.128959891149014
heavy_a0.1_nc30,fednova_sgd,Unauth,5,True,0.5991953030865055,1.0,1.0,0.3975903614457831,0.4008046969134945,0.6024096385542169,1.0,-11.780853403259194,-11.294523292970895
heavy_a0.1_nc30,fednova_sgd,Video,5,True,0.9683502121325516,0.9261507299583016,0.9998244514106582,0.507975357975358,-0.04219948217425011,0.4918490934353003,0.5044955044955045,-8.869289056964693,-8.92859204689064
light_a1.0_nc10,fedavg_sgd,DoS,4,True,0.9996314544249696,0.9995397348408033,0.9999738023298461,0.999641046837949,-9.171958416626103e-05,0.0003327554918971243,0.00034646705798252464,-12.315999990452593,-13.772839015632398
light_a1.0_nc10,fedavg_sgd,Injection,4,True,0.8248131001247714,0.9956931502442619,1.0,0.43211334120425027,0.1708800501194905,0.5678866587957497,0.553128689492326,-14.10011442189314,-14.108113731147666
light_a1.0_nc10,fedavg_sgd,Ip Spoofing,4,True,0.6422607901988105,0.8935545766648703,0.999164895232311,0.5265460910151691,0.25129378646605965,0.47261880421714175,0.4909209486123991,-8.866196627110495,-9.001714406417591
light_a1.0_nc10,fedavg_sgd,MITM,4,True,0.7025115189743367,0.9548378744412129,0.995043506947015,0.8066607394235756,0.2523263554668763,0.1883827675234394,0.1882859035997399,-8.099030471706744,-7.68017720684025
light_a1.0_nc10,fedavg_sgd,Manipulation,4,True,0.8462748731284431,0.9893878841803739,1.0,0.6274409044193217,0.1431130110519308,0.37255909558067835,0.30986639260020554,-10.915523655309988,-10.891974549234966
light_a1.0_nc10,fedavg_sgd,Password Cracking,4,False,0.9998733865578728,0.9999560369992614,0.9999560369992614,0.0,8.265044138858202e-05,,,,
light_a1.0_nc10,fedavg_sgd,Regular,4,True,0.9785749479636974,0.9421334463419337,0.9993967012120306,0.9765499200783292,-0.03644150162176363,0.022846781133701505,0.024268006884554105,-4.11281209915338,-4.001325814875978
light_a1.0_nc10,fedavg_sgd,Replay,4,True,0.17108906538782157,0.8369756499858314,0.9958379578246394,0.4527649769585253,0.6658865845980098,0.543072980866114,0.5732621715758732,-6.808199645143549,-6.7608622340174325
light_a1.0_nc10,fedavg_sgd,Unauth,4,True,0.49595495490258057,0.9998531646910827,1.0,0.4421017402945114,0.5038982097885021,0.5578982597054886,0.5655957161981258,-11.527250965052177,-11.628465599359489
light_a1.0_nc10,fedavg_sgd,Video,4,True,0.2483944113798494,0.9935488321004106,0.9980840232714253,0.19251581751581748,0.7451544207205612,0.8055682057556078,0.7985176045704128,-8.495199860559143,-8.650127276927527
light_a1.0_nc10,fednova_sgd,DoS,5,True,0.9998072094033571,0.9997322390872233,0.9999959702550931,0.9997302412600344,-7.497031613368232e-05,0.00026572899505878934,0.00023930210803402296,-18.261723974677306,-19.63375111777916
light_a1.0_nc10,fednova_sgd,Injection,5,True,0.6047251764772208,0.9971174881225172,1.0,0.3976387249114522,0.39239231164529637,0.6023612750885479,0.9834710743801653,-8.771170994512929,-9.216052744027783
light_a1.0_nc10,fednova_sgd,Ip Spoofing,5,True,0.5852989416498512,0.8416135982722148,0.9994533859702399,0.3584597432905484,0.2563146566223636,0.6409936426796915,0.6578060104865134,-8.838008726300707,-8.631896831871654
light_a1.0_nc10,fednova_sgd,MITM,5,True,0.5580222146955437,0.9578661938678941,0.9946010282880241,0.5110320812032303,0.39984397917235037,0.48356894708479387,0.7197906852353687,-9.781905787074761,-10.247333468937159
light_a1.0_nc10,fednova_sgd,Manipulation,5,True,0.7571904675442941,0.9800527564688529,1.0,0.3997944501541624,0.22286228892455878,0.6002055498458377,0.6330935251798562,-9.617391565086303,-9.879297854637656
light_a1.0_nc10,fednova_sgd,Password Cracking,5,False,0.9999071501424401,0.9999310660148419,0.9999310660148419,0.0,2.3915872401736315e-05,,,,
light_a1.0_nc10,fednova_sgd,Regular,5,True,0.8321369761940053,0.9380960819283715,0.9992122027083928,0.9055579476350852,0.1059591057343661,0.09365425507330753,0.005429236757932165,-4.5581870958071935,-2.178847402666925
light_a1.0_nc10,fednova_sgd,Replay,5,True,0.2117843667499407,0.8438932646838506,0.9997780244173141,0.7000921658986174,0.6321088979339099,0.29968585851869656,0.08940092165898617,-5.753485946252961,-5.634213968434616
light_a1.0_nc10,fednova_sgd,Unauth,5,True,0.39337716019792585,1.0,1.0,0.5842034805890227,0.6066228398020741,0.4157965194109773,0.03748326639892918,-8.492220116197524,-8.180915680112111
light_a1.0_nc10,fednova_sgd,Video,5,True,0.5318512653350862,0.9931004609595885,0.9973931528306108,0.4076756576756576,0.4612491956245024,0.5897174951549532,0.619021166794718,-7.796132539892706,-7.888280734797053
moderate_a0.3_nc15,fedavg_sgd,DoS,5,True,0.9998551796504678,0.9998956997064775,1.0,0.9998303130506668,4.052005600960751e-05,0.00016968694933321425,0.00015228315965798433,-12.580608250083579,-12.806351266568697
moderate_a0.3_nc15,fedavg_sgd,Injection,5,True,0.0,0.9997328716216083,1.0,0.0,0.9997328716216083,1.0,1.0,-24.727366586605964,-25.392419277841945
moderate_a0.3_nc15,fedavg_sgd,Ip Spoofing,5,True,0.35730327263811107,0.7161196225506135,0.9999113475177305,0.027537922987164475,0.35881634991250244,0.9723734245305661,0.9813302217036173,-19.882151330913008,-20.5841009962591
moderate_a0.3_nc15,fedavg_sgd,MITM,5,True,0.31072721184644647,0.8981601106144449,0.9992101678364307,0.27902496851152103,0.5874328987679984,0.7201851993249095,0.7197138923465174,-6.70626720634551,-6.643585079349871
moderate_a0.3_nc15,fedavg_sgd,Manipulation,5,True,0.8566012103771437,0.9110441336392124,1.0,0.8797533401849948,0.0544429232620689,0.12024665981500508,0.01336073997944498,-8.85175523293505,-9.208690885476043
moderate_a0.3_nc15,fedavg_sgd,Password Cracking,5,False,0.9999803045756689,0.9999803045756689,0.9999803045756691,0.0,0.0,,,,
moderate_a0.3_nc15,fedavg_sgd,Regular,5,True,0.9923899456530391,0.9389942112381062,0.9993968301960336,0.9922237098990804,-0.05339573441493295,0.007173120296953184,0.00687930861587549,-4.163946859256025,-3.9744821399595045
moderate_a0.3_nc15,fedavg_sgd,Replay,5,True,0.1784754476490376,1.0,1.0,0.15244239631336404,0.8215245523509624,0.8475576036866359,0.9760368663594471,-18.983696697559928,-18.245751819332657
moderate_a0.3_nc15,fedavg_sgd,Unauth,5,True,0.9838888637880576,0.9439885659039005,1.0,0.9831325301204819,-0.039900297884157124,0.016867469879518083,0.009370816599732379,-22.049716178325937,-22.478192322696156
moderate_a0.3_nc15,fedavg_sgd,Video,5,True,0.5536675644010541,0.9721253935811965,0.9995736677115987,0.47525807525807523,0.4184578291801424,0.5243155924535235,0.5386475593372145,-6.892083165085066,-7.036139826529865
moderate_a0.3_nc15,fednova_sgd,DoS,5,True,0.9998721263171971,0.9999561624486425,1.0,0.9998520677877607,8.403613144540856e-05,0.00014793221223921015,0.00013052842256400243,-15.374653916802956,-15.890092764489914
moderate_a0.3_nc15,fednova_sgd,Injection,5,True,0.9981794950581715,0.9991986148648252,1.0,0.0,0.0010191198066536566,1.0,1.0,-9.61438704631198,-9.38469994457013
moderate_a0.3_nc15,fednova_sgd,Ip Spoofing,5,True,0.5672998626591429,0.7230323145054143,0.9998670212765959,0.1255542590431738,0.15573245184627132,0.8743127622334219,0.8646441073512252,-16.32181243190603,-16.344439473706945
moderate_a0.3_nc15,fednova_sgd,MITM,5,True,0.28458278134378806,0.9047814585288935,0.9997416866142004,0.2915907238645624,0.6201986771851054,0.7081509627496378,0.6954810792427293,-6.561202115972094,-6.594603066804998
moderate_a0.3_nc15,fednova_sgd,Manipulation,5,True,0.29405893491335394,0.9142049953232624,1.0,0.8571428571428571,0.6201460604099084,0.14285714285714285,0.008221993833504637,-7.722930394081127,-7.418526847819987
moderate_a0.3_nc15,fednova_sgd,Password Cracking,5,False,0.9999887454718109,0.9999873386557873,0.9999873386557873,0.0,-1.4068160236524462e-06,,,,
moderate_a0.3_nc15,fednova_sgd,Regular,5,True,0.9929433509382708,0.9233628462078112,0.9990214223413535,0.9922178116207879,-0.06958050473045951,0.0068036107205655,0.00695354586572261,-3.0035498899350714,-3.0958372564666554
moderate_a0.3_nc15,fednova_sgd,Replay,5,True,0.7670403701014001,1.0,1.0,0.18635944700460833,0.23295962989859992,0.8136405529953917,1.0,-11.564351373154485,-11.648910142149631
moderate_a0.3_nc15,fednova_sgd,Unauth,5,True,0.00035292125206146585,0.9984222131240535,1.0,0.9855421686746988,0.9980692918719921,0.014457831325301207,0.01338688085676043,-8.477663355469463,-8.466693932655627
moderate_a0.3_nc15,fednova_sgd,Video,5,True,0.41061424831205906,0.9628148025198893,0.9996238244514106,0.31843156843156845,0.5522005542078302,0.6811922560198422,0.6874575998713928,-7.530485440333895,-7.195788988598061
